,file,x,y
0,08813216-Figure1-1.png,22,209
1,08813216-Figure4-1.png,60,192
2,1-s2.0-S0009250913008336-main-Figure10-1.png,25,195
3,1-s2.0-S0009250913008336-main-Figure11-1.png,25,196
4,1-s2.0-S0009250913008336-main-Figure2-1.png,26,196
5,1-s2.0-S0009250913008336-main-Figure3-1.png,27,197
6,1-s2.0-S0009250913008336-main-Figure8-1.png,28,196
7,1-s2.0-S0009250913008336-main-Figure9-1.png,25,195
8,1-s2.0-S0009250914000463-main-Figure1-1.png,27,218
9,1-s2.0-S0009250916306625-main-Figure4-1.png,19,198
10,1-s2.0-S0009250916306625-main-Figure6-1.png,20,197
11,1-s2.0-S0016236111006739-main-Figure2-1.png,41,186
12,1-s2.0-S0016236112010988-main-Figure4-1.png,24,201
13,1-s2.0-S0016236114000477-main-Figure5-1.png,30,176
14,1-s2.0-S0016236114000477-main-Figure8-1.png,30,176
15,1-s2.0-S0016236114004244-main-Figure3-1.png,25,211
16,1-s2.0-S0016236114008667-main-Figure2-1.png,23,193
17,1-s2.0-S0016236114008667-main-Figure3-1.png,26,132
18,1-s2.0-S0016236114008850-main-Figure4-1.png,31,208
19,1-s2.0-S0016236115009734-main-Figure4-1.png,24,191
20,1-s2.0-S0016236115009734-main-Figure5-1.png,22,204
21,1-s2.0-S0016236115010984-main-Figure1-1.png,18,212
22,1-s2.0-S0016236115011084-main-Figure5-1.png,16,213
23,1-s2.0-S0016236115011084-main-Figure6-1.png,28,200
24,1-s2.0-S0016236115011084-main-Figure7-1.png,16,213
25,1-s2.0-S0016236115011345-main-Figure2-1.png,23,196
26,1-s2.0-S0016236116302447-main-Figure1-1.png,27,187
27,1-s2.0-S0016236116302447-main-Figure2-1.png,27,190
28,1-s2.0-S0016236116302447-main-Figure3-1.png,27,209
29,1-s2.0-S0016236116304227-main-Figure6-1.png,27,195
30,1-s2.0-S0016236116308730-main-Figure2-1.png,22,193
31,1-s2.0-S0016236116309875-main-Figure3-1.png,8,211
32,1-s2.0-S0016236116311632-main-Figure5-1.png,22,195
33,1-s2.0-S0016236117301709-main-Figure1-1.png,19,193
34,1-s2.0-S0016236117301709-main-Figure5-1.png,25,172
35,1-s2.0-S0016236117305367-main-Figure4-1.png,22,194
36,1-s2.0-S0016236117307172-main-Figure2-1.png,22,202
37,1-s2.0-S0016236117307172-main-Figure3-1.png,30,200
38,1-s2.0-S0016236117307172-main-Figure4-1.png,21,176
39,1-s2.0-S0016236117307615-main-Figure1-1.png,21,183
40,1-s2.0-S0016236117307615-main-Figure2-1.png,18,193
41,1-s2.0-S0016236117307639-main-Figure9-1.png,22,189
42,1-s2.0-S0016236117307895-main-Figure7-1.png,22,195
43,1-s2.0-S0016236117309912-main-Figure1-1.png,20,181
44,1-s2.0-S0016236117315831-main-Figure1-1.png,16,194
45,1-s2.0-S0016236117315831-main-Figure6-1.png,14,193
46,1-s2.0-S0016236118303363-main-Figure3-1.png,20,199
47,1-s2.0-S0016236118303363-main-Figure5-1.png,18,199
48,1-s2.0-S0016236118304496-main-Figure4-1.png,13,196
49,1-s2.0-S0016236118304496-main-Figure5-1.png,13,200
50,1-s2.0-S0016236118304502-main-Figure4-1.png,23,156
51,1-s2.0-S0016236118316387-main-Figure10-1.png,21,196
52,1-s2.0-S0016236118316387-main-Figure6-1.png,21,198
53,1-s2.0-S0016236118316387-main-Figure8-1.png,21,197
54,1-s2.0-S0016236118317782-main-Figure4-1.png,25,196
55,1-s2.0-S0016236118318027-main-Figure5-1.png,25,206
56,1-s2.0-S0016236118318398-main-Figure10-1.png,22,208
57,1-s2.0-S0016236118318398-main-Figure11-1.png,15,206
58,1-s2.0-S0016236118318398-main-Figure12-1.png,13,122
59,1-s2.0-S0016236118318398-main-Figure4-1.png,19,205
60,1-s2.0-S0016236118318398-main-Figure9-1.png,24,204
61,1-s2.0-S0016236118318404-main-Figure3-1.png,20,205
62,1-s2.0-S0016236118318489-main-Figure2-1.png,19,177
63,1-s2.0-S0016236118318489-main-Figure3-1.png,30,197
64,1-s2.0-S0016236118318489-main-Figure4-1.png,33,198
65,1-s2.0-S0016236118318489-main-Figure5-1.png,30,196
66,1-s2.0-S0016236118318489-main-Figure7-1.png,23,195
67,1-s2.0-S0016236118321835-main-Figure4-1.png,20,200
68,1-s2.0-S0016236119302388-main-Figure1-1.png,18,187
69,1-s2.0-S0016236119302388-main-Figure3-1.png,13,195
70,1-s2.0-S0016236119303709-main-Figure2-1.png,22,208
71,1-s2.0-S0016236119305137-main-Figure1-1.png,23,188
72,1-s2.0-S0016236119305137-main-Figure3-1.png,24,192
73,1-s2.0-S0016236119307495-main-Figure1-1.png,22,196
74,1-s2.0-S0016236119308063-main-Figure4-1.png,24,191
75,1-s2.0-S0016236119312037-main-Figure1-1.png,13,175
76,1-s2.0-S0016236119319829-main-Figure2-1.png,27,187
77,1-s2.0-S0016236119321593-main-Figure10-1.png,25,193
78,1-s2.0-S0016236119321593-main-Figure12-1.png,28,209
79,1-s2.0-S0016236119321593-main-Figure5-1.png,25,191
80,1-s2.0-S0016236119321593-main-Figure8-1.png,23,191
81,1-s2.0-S0016236119321593-main-Figure9-1.png,31,190
82,1-s2.0-S0016236119322483-main-Figure5-1.png,21,206
83,1-s2.0-S0016236119323397-main-Figure1-1.png,35,203
84,1-s2.0-S0016236119323397-main-Figure2-1.png,12,204
85,1-s2.0-S0016236120302337-main-Figure7-1.png,24,188
86,1-s2.0-S0032591007000903-main-Figure15-1.png,41,201
87,1-s2.0-S0032591007000903-main-Figure18-1.png,26,181
88,1-s2.0-S0032591016305101-main-Figure14-1.png,1,188
89,1-s2.0-S0043135407007002-main-Figure6-1.png,35,173
90,1-s2.0-S0043135417309764-main-Figure3-1.png,21,191
91,1-s2.0-S004313541930973X-main-Figure2-1.png,32,205
92,1-s2.0-S004313541930973X-main-Figure8-1.png,25,204
93,1-s2.0-S0045653517315187-main-Figure3-1.png,23,209
94,1-s2.0-S0045653517315187-main-Figure4-1.png,24,209
95,1-s2.0-S0045653518310191-main-Figure2-1.png,22,207
96,1-s2.0-S0048357519305085-main-Figure4-1.png,20,195
97,1-s2.0-S004896971830593X-main-Figure10-1.png,23,204
98,1-s2.0-S0048969718311148-main-Figure2-1.png,24,210
99,1-s2.0-S0048969718311148-main-Figure6-1.png,25,205
100,1-s2.0-S004896971831547X-main-Figure2-1.png,19,206
101,1-s2.0-S014139101630026X-main-Figure2-1.png,24,192
102,1-s2.0-S014139101630026X-main-Figure3-1.png,25,193
103,1-s2.0-S016523701300123X-main-Figure4-1.png,24,199
104,1-s2.0-S0165237014000825-main-Figure5-1.png,20,212
105,1-s2.0-S016523701400254X-main-Figure3-1.png,24,209
106,1-s2.0-S016523701400254X-main-Figure6-1.png,19,210
107,1-s2.0-S016523701400254X-main-Figure7-1.png,31,183
108,1-s2.0-S0165237015000042-main-Figure3-1.png,9,187
109,1-s2.0-S016523701500090X-main-Figure1-1.png,26,193
110,1-s2.0-S016523701500090X-main-Figure6-1.png,24,173
111,1-s2.0-S0165237015300231-main-Figure1-1.png,13,179
112,1-s2.0-S016523701530187X-main-Figure2-1.png,32,192
113,1-s2.0-S0165237015302382-main-Figure2-1.png,55,155
114,1-s2.0-S0165237015302382-main-Figure4-1.png,20,176
115,1-s2.0-S016523701630568X-main-Figure2-1.png,28,197
116,1-s2.0-S016523701630568X-main-Figure3-1.png,26,187
117,1-s2.0-S0165237018302754-main-Figure4-1.png,28,178
118,1-s2.0-S0165237019300336-main-Figure4-1.png,22,194
119,1-s2.0-S016777991300022X-main-Figure1-1.png,45,172
120,1-s2.0-S0196890414011388-main-Figure4-1.png,13,206
121,1-s2.0-S0196890415002939-main-Figure7-1.png,26,203
122,1-s2.0-S0196890416301571-main-Figure11-1.png,25,206
123,1-s2.0-S0196890416301571-main-Figure12-1.png,22,196
124,1-s2.0-S0196890416301571-main-Figure5-1.png,24,192
125,1-s2.0-S0196890416301571-main-Figure6-1.png,23,190
126,1-s2.0-S0196890416301571-main-Figure7-1.png,22,192
127,1-s2.0-S0196890416301984-main-Figure1-1.png,17,185
128,1-s2.0-S0196890416306021-main-Figure3-1.png,20,186
129,1-s2.0-S0196890416306021-main-Figure4-1.png,20,185
130,1-s2.0-S0196890416306021-main-Figure5-1.png,20,188
131,1-s2.0-S0196890416306021-main-Figure6-1.png,22,186
132,1-s2.0-S0196890416306021-main-Figure7-1.png,21,187
133,1-s2.0-S0196890416309396-main-Figure4-1.png,36,203
134,1-s2.0-S0196890416310159-main-Figure3-1.png,12,188
135,1-s2.0-S0196890416310159-main-Figure4-1.png,21,150
136,1-s2.0-S0196890416310159-main-Figure5-1.png,19,151
137,1-s2.0-S0196890416310159-main-Figure6-1.png,23,141
138,1-s2.0-S0196890416310445-main-Figure10-1.png,34,193
139,1-s2.0-S0196890416311475-main-Figure1-1.png,21,171
140,1-s2.0-S0196890417301693-main-Figure2-1.png,20,196
141,1-s2.0-S0196890417303643-main-Figure2-1.png,20,189
142,1-s2.0-S0196890417303643-main-Figure3-1.png,21,191
143,1-s2.0-S0196890417303643-main-Figure4-1.png,19,192
144,1-s2.0-S0196890417303643-main-Figure5-1.png,19,189
145,1-s2.0-S0196890417303643-main-Figure6-1.png,18,184
146,1-s2.0-S0196890417310452-main-Figure4-1.png,16,189
147,1-s2.0-S0196890417310452-main-Figure6-1.png,29,189
148,1-s2.0-S0196890417310634-main-Figure2-1.png,26,185
149,1-s2.0-S0196890417310634-main-Figure3-1.png,24,189
150,1-s2.0-S0196890417310634-main-Figure4-1.png,25,192
151,1-s2.0-S0196890417310634-main-Figure8-1.png,29,187
152,1-s2.0-S0196890417311330-main-Figure1-1.png,22,207
153,1-s2.0-S0196890417311330-main-Figure3-1.png,23,210
154,1-s2.0-S0196890417312049-main-Figure2-1.png,27,190
155,1-s2.0-S0196890417312049-main-Figure4-1.png,27,189
156,1-s2.0-S0196890417312049-main-Figure6-1.png,31,190
157,1-s2.0-S0196890418306320-main-Figure2-1.png,25,196
158,1-s2.0-S0196890418306320-main-Figure3-1.png,22,191
159,1-s2.0-S0196890418306320-main-Figure4-1.png,21,192
160,1-s2.0-S0196890418306320-main-Figure5-1.png,20,197
161,1-s2.0-S0196890418307970-main-Figure12-1.png,15,196
162,1-s2.0-S0196890418307970-main-Figure13-1.png,16,199
163,1-s2.0-S0196890418307970-main-Figure3-1.png,13,195
164,1-s2.0-S0196890418307970-main-Figure4-1.png,15,196
165,1-s2.0-S0196890418307970-main-Figure5-1.png,13,197
166,1-s2.0-S0196890418307970-main-Figure6-1.png,20,194
167,1-s2.0-S0196890418309257-main-Figure2-1.png,27,195
168,1-s2.0-S0196890418313062-main-Figure1-1.png,67,199
169,1-s2.0-S0254058415000796-main-Figure7-1.png,23,210
170,1-s2.0-S0255270117305664-main-Figure7-1.png,25,193
171,1-s2.0-S0301479714003569-main-Figure1-1.png,19,185
172,1-s2.0-S0301479717303808-main-Figure2-1.png,17,208
173,1-s2.0-S0301479717312598-main-Figure1-1.png,23,194
174,1-s2.0-S0301479719305298-main-Figure5-1.png,31,193
175,1-s2.0-S0301479719305298-main-Figure7-1.png,19,198
176,1-s2.0-S0301479719305298-main-Figure8-1.png,32,196
177,1-s2.0-S0304389409001162-main-Figure1-1.png,34,203
178,1-s2.0-S0304389419307630-main-Figure2-1.png,20,192
179,1-s2.0-S0306261913003887-main-Figure3-1.png,24,207
180,1-s2.0-S0306261914002840-main-Figure3-1.png,30,187
181,1-s2.0-S0306261914004310-main-Figure5-1.png,25,190
182,1-s2.0-S0306261914007430-main-Figure5-1.png,21,192
183,1-s2.0-S0306261914010459-main-Figure1-1.png,23,191
184,1-s2.0-S0306261914010459-main-Figure2-1.png,21,193
185,1-s2.0-S0306261914012586-main-Figure4-1.png,19,175
186,1-s2.0-S0306261914012677-main-Figure4-1.png,27,196
187,1-s2.0-S0306261914013221-main-Figure1-1.png,30,170
188,1-s2.0-S0306261914013221-main-Figure2-1.png,31,170
189,1-s2.0-S0306261915007096-main-Figure4-1.png,51,196
190,1-s2.0-S0306261916000167-main-Figure3-1.png,29,189
191,1-s2.0-S0306261916300745-main-Figure9-1.png,27,192
192,1-s2.0-S0306261916313198-main-Figure7-1.png,28,179
193,1-s2.0-S0306261916313198-main-Figure8-1.png,20,179
194,1-s2.0-S0306261917311261-main-Figure1-1.png,18,188
195,1-s2.0-S0306261917311261-main-Figure3-1.png,16,181
196,1-s2.0-S0306261917311261-main-Figure4-1.png,15,188
197,1-s2.0-S0306261917311261-main-Figure5-1.png,17,191
198,1-s2.0-S0306261917311261-main-Figure6-1.png,18,188
199,1-s2.0-S0306261919305963-main-Figure3-1.png,20,192
200,1-s2.0-S0306261919308104-main-Figure9-1.png,25,207
201,1-s2.0-S0306261919313418-main-Figure12-1.png,22,209
202,1-s2.0-S0306261919313418-main-Figure17-1.png,21,3
203,1-s2.0-S0306261919313431-main-Figure5-1.png,21,200
204,1-s2.0-S0306261919313431-main-Figure8-1.png,18,188
205,1-s2.0-S0306261919313662-main-Figure1-1.png,22,197
206,1-s2.0-S0306261920300623-main-Figure2-1.png,22,213
207,1-s2.0-S0306261920300623-main-Figure4-1.png,24,211
208,1-s2.0-S0306261920300702-main-Figure14-1.png,20,151
209,1-s2.0-S0306261920300702-main-Figure6-1.png,16,176
210,1-s2.0-S0306261920300702-main-Figure7-1.png,27,186
211,1-s2.0-S0360128515000246-main-Figure14-1.png,42,197
212,1-s2.0-S0360128515000246-main-Figure6-1.png,20,176
213,1-s2.0-S0360319908007398-main-Figure1-1.png,23,207
214,1-s2.0-S0360319908007398-main-Figure2-1.png,24,201
215,1-s2.0-S0360319908007398-main-Figure3-1.png,24,201
216,1-s2.0-S0360319915019151-main-Figure7-1.png,34,178
217,1-s2.0-S0360319915019151-main-Figure8-1.png,34,178
218,1-s2.0-S036031991502683X-main-Figure2-1.png,22,199
219,1-s2.0-S036031991502683X-main-Figure3-1.png,20,197
220,1-s2.0-S0360319917300198-main-Figure2-1.png,25,200
221,1-s2.0-S0360319917319535-main-Figure2-1.png,28,198
222,1-s2.0-S0360319918340709-main-Figure6-1.png,19,193
223,1-s2.0-S0360319919332008-main-Figure4-1.png,29,187
224,1-s2.0-S0360319919332008-main-Figure5-1.png,25,193
225,1-s2.0-S0360319919332008-main-Figure6-1.png,33,195
226,1-s2.0-S0360319919332008-main-Figure7-1.png,32,189
227,1-s2.0-S0360319919332008-main-Figure8-1.png,28,192
228,1-s2.0-S0360544213003800-main-Figure3-1.png,21,198
229,1-s2.0-S0360544213003800-main-Figure6-1.png,19,200
230,1-s2.0-S0360544214013401-main-Figure2-1.png,24,170
231,1-s2.0-S0360544215000511-main-Figure6-1.png,22,199
232,1-s2.0-S0360544215004429-main-Figure8-1.png,24,199
233,1-s2.0-S0360544215012153-main-Figure3-1.png,16,219
234,1-s2.0-S0360544215012153-main-Figure5-1.png,18,185
235,1-s2.0-S0360544215012517-main-Figure4-1.png,42,206
236,1-s2.0-S0360544216301062-main-Figure3-1.png,28,177
237,1-s2.0-S0360544216301062-main-Figure4-1.png,29,177
238,1-s2.0-S0360544216301062-main-Figure5-1.png,29,166
239,1-s2.0-S0360544216301062-main-Figure6-1.png,29,165
240,1-s2.0-S0360544216301062-main-Figure7-1.png,29,165
241,1-s2.0-S0360544216301062-main-Figure8-1.png,29,165
242,1-s2.0-S0360544216309380-main-Figure2-1.png,58,183
243,1-s2.0-S0360544216311367-main-Figure4-1.png,20,210
244,1-s2.0-S0360544216318205-main-Figure6-1.png,24,180
245,1-s2.0-S036054421730508X-main-Figure3-1.png,29,195
246,1-s2.0-S0360544217311611-main-Figure5-1.png,34,182
247,1-s2.0-S0360544217311611-main-Figure6-1.png,16,202
248,1-s2.0-S0360544217311611-main-Figure8-1.png,32,186
249,1-s2.0-S0360544217312136-main-Figure3-1.png,23,196
250,1-s2.0-S0360544218302147-main-Figure4-1.png,29,190
251,1-s2.0-S0360544218302147-main-Figure6-1.png,24,193
252,1-s2.0-S0360544218302147-main-Figure7-1.png,22,195
253,1-s2.0-S0360544218303803-main-Figure10-1.png,18,184
254,1-s2.0-S0360544218303803-main-Figure13-1.png,20,187
255,1-s2.0-S0360544218303803-main-Figure3-1.png,21,186
256,1-s2.0-S0360544218303803-main-Figure5-1.png,20,186
257,1-s2.0-S0360544218303803-main-Figure6-1.png,21,186
258,1-s2.0-S0360544218303803-main-Figure9-1.png,18,186
259,1-s2.0-S0360544218306649-main-Figure4-1.png,31,190
260,1-s2.0-S0360544218308430-main-Figure1-1.png,18,201
261,1-s2.0-S0360544218308648-main-Figure4-1.png,16,205
262,1-s2.0-S0360544218309411-main-Figure4-1.png,33,200
263,1-s2.0-S0360544218312568-main-Figure2-1.png,19,192
264,1-s2.0-S0360544218314944-main-Figure1-1.png,31,166
265,1-s2.0-S0360544218314944-main-Figure3-1.png,29,179
266,1-s2.0-S0360544218319558-main-Figure10-1.png,40,174
267,1-s2.0-S0360544218319558-main-Figure11-1.png,37,177
268,1-s2.0-S0360544218319558-main-Figure12-1.png,38,180
269,1-s2.0-S0360544218319558-main-Figure3-1.png,51,189
270,1-s2.0-S0360544218319558-main-Figure8-1.png,35,180
271,1-s2.0-S0360544219302749-main-Figure10-1.png,16,174
272,1-s2.0-S0360544219302749-main-Figure2-1.png,19,184
273,1-s2.0-S0360544219302749-main-Figure3-1.png,19,184
274,1-s2.0-S0360544219302749-main-Figure4-1.png,19,186
275,1-s2.0-S0360544219302749-main-Figure5-1.png,19,186
276,1-s2.0-S0360544219302749-main-Figure6-1.png,19,184
277,1-s2.0-S0360544219302749-main-Figure7-1.png,17,192
278,1-s2.0-S0360544219302865-main-Figure3-1.png,31,187
279,1-s2.0-S0360544219302865-main-Figure4-1.png,31,190
280,1-s2.0-S0360544219302865-main-Figure5-1.png,26,189
281,1-s2.0-S0360544219303020-main-Figure4-1.png,24,186
282,1-s2.0-S0360544219303020-main-Figure5-1.png,25,184
283,1-s2.0-S0360544219308230-main-Figure1-1.png,20,194
284,1-s2.0-S0360544219308230-main-Figure2-1.png,20,207
285,1-s2.0-S0360544219308230-main-Figure3-1.png,19,208
286,1-s2.0-S0360544219318316-main-Figure8-1.png,22,200
287,1-s2.0-S0360544219319917-main-Figure3-1.png,21,206
288,1-s2.0-S0360544219319917-main-Figure4-1.png,24,209
289,1-s2.0-S0360544219320031-main-Figure10-1.png,33,185
290,1-s2.0-S0360544219320031-main-Figure6-1.png,29,186
291,1-s2.0-S0360544219320031-main-Figure8-1.png,27,197
292,1-s2.0-S0360544219323400-main-Figure10-1.png,21,200
293,1-s2.0-S0360544219323400-main-Figure8-1.png,16,208
294,1-s2.0-S0378382010003061-main-Figure4-1.png,21,198
295,1-s2.0-S0378382010003061-main-Figure5-1.png,21,196
296,1-s2.0-S0378382011003262-main-Figure7-1.png,27,196
297,1-s2.0-S0378382013001008-main-Figure2-1.png,24,178
298,1-s2.0-S0378382014000290-main-Figure2-1.png,69,176
299,1-s2.0-S0378382014004524-main-Figure1-1.png,23,192
300,1-s2.0-S0378382015001563-main-Figure6-1.png,25,184
301,1-s2.0-S037838201530062X-main-Figure1-1.png,25,205
302,1-s2.0-S037838201530062X-main-Figure2-1.png,21,207
303,1-s2.0-S0378382015301028-main-Figure5-1.png,25,206
304,1-s2.0-S0378382015302022-main-Figure6-1.png,20,193
305,1-s2.0-S0378382015302046-main-Figure5-1.png,19,164
306,1-s2.0-S0378382015302046-main-Figure6-1.png,35,180
307,1-s2.0-S0378382015302046-main-Figure7-1.png,44,183
308,1-s2.0-S0378382016300042-main-Figure2-1.png,20,194
309,1-s2.0-S0378382016300042-main-Figure5-1.png,25,194
310,1-s2.0-S0378382016300042-main-Figure6-1.png,24,193
311,1-s2.0-S0378382016300625-main-Figure1-1.png,22,189
312,1-s2.0-S0378382016300625-main-Figure2-1.png,21,191
313,1-s2.0-S0378382016300625-main-Figure3-1.png,22,190
314,1-s2.0-S0378382016300625-main-Figure4-1.png,21,186
315,1-s2.0-S0378382016303216-main-Figure6-1.png,20,209
316,1-s2.0-S0378382016303216-main-Figure7-1.png,27,208
317,1-s2.0-S0378382016303514-main-Figure1-1.png,21,188
318,1-s2.0-S0378382016303514-main-Figure2-1.png,20,189
319,1-s2.0-S0378382016303514-main-Figure3-1.png,31,188
320,1-s2.0-S0378382016303514-main-Figure4-1.png,19,189
321,1-s2.0-S0378382016303514-main-Figure5-1.png,21,190
322,1-s2.0-S0378382016303514-main-Figure6-1.png,19,193
323,1-s2.0-S0378382016307494-main-Figure11-1.png,20,211
324,1-s2.0-S0378382016307494-main-Figure12-1.png,30,204
325,1-s2.0-S0378382017303247-main-Figure5-1.png,18,200
326,1-s2.0-S0378382017309931-main-Figure5-1.png,36,195
327,1-s2.0-S0378382017309931-main-Figure6-1.png,26,208
328,1-s2.0-S0378382017309931-main-Figure7-1.png,27,206
329,1-s2.0-S0378382017319185-main-Figure5-1.png,30,201
330,1-s2.0-S0378382017319185-main-Figure6-1.png,23,204
331,1-s2.0-S0378382018310336-main-Figure10-1.png,24,196
332,1-s2.0-S0378382018310336-main-Figure5-1.png,25,205
333,1-s2.0-S0378382018310336-main-Figure9-1.png,21,190
334,1-s2.0-S037838201831275X-main-Figure3-1.png,19,193
335,1-s2.0-S037838201831275X-main-Figure5-1.png,17,212
336,1-s2.0-S0378382018318666-main-Figure7-1.png,24,199
337,1-s2.0-S0378382018325591-main-Figure3-1.png,23,194
338,1-s2.0-S0734975018301800-main-Figure2-1.png,16,169
339,1-s2.0-S0896844611001549-main-Figure1-1.png,29,197
340,1-s2.0-S0896844611003731-main-Figure3-1.png,23,170
341,1-s2.0-S0896844612002495-main-Figure1-1.png,19,179
342,1-s2.0-S0896844612002495-main-Figure2-1.png,21,199
343,1-s2.0-S0896844612002495-main-Figure3-1.png,22,207
344,1-s2.0-S0896844612002495-main-Figure5-1.png,22,209
345,1-s2.0-S0896844612002495-main-Figure6-1.png,22,209
346,1-s2.0-S0896844612002495-main-Figure7-1.png,19,209
347,1-s2.0-S0896844612003270-main-Figure3-1.png,18,194
348,1-s2.0-S0896844612003270-main-Figure4-1.png,17,192
349,1-s2.0-S0896844614003222-main-Figure4-1.png,28,184
350,1-s2.0-S0896844614003222-main-Figure8-1.png,41,180
351,1-s2.0-S0896844614003222-main-Figure9-1.png,42,179
352,1-s2.0-S0896844615300243-main-Figure1-1.png,19,195
353,1-s2.0-S0896844615300917-main-Figure3-1.png,22,188
354,1-s2.0-S0896844615300917-main-Figure4-1.png,21,204
355,1-s2.0-S0896844616300651-main-Figure10-1.png,25,195
356,1-s2.0-S0896844616300651-main-Figure11-1.png,25,189
357,1-s2.0-S0896844616300651-main-Figure2-1.png,37,176
358,1-s2.0-S0896844616300651-main-Figure7-1.png,32,160
359,1-s2.0-S0896844616300651-main-Figure9-1.png,28,193
360,1-s2.0-S0896844616301450-main-Figure12-1.png,26,192
361,1-s2.0-S0896844616302509-main-Figure3-1.png,12,193
362,1-s2.0-S0896844616302923-main-Figure5-1.png,29,193
363,1-s2.0-S0896844616302923-main-Figure8-1.png,28,167
364,1-s2.0-S0896844617302437-main-Figure5-1.png,22,172
365,1-s2.0-S0896844617303054-main-Figure4-1.png,24,194
366,1-s2.0-S0896844617303054-main-Figure5-1.png,26,192
367,1-s2.0-S0896844617305715-main-Figure2-1.png,18,200
368,1-s2.0-S0896844617305715-main-Figure3-1.png,16,198
369,1-s2.0-S0896844617305715-main-Figure4-1.png,16,199
370,1-s2.0-S0896844617308306-main-Figure1-1.png,22,210
371,1-s2.0-S0896844617309117-main-Figure5-1.png,37,192
372,1-s2.0-S0896844618300883-main-Figure1-1.png,16,207
373,1-s2.0-S0896844618303309-main-Figure1-1.png,16,186
374,1-s2.0-S0896844618306533-main-Figure2-1.png,18,165
375,1-s2.0-S0896844618306533-main-Figure3-1.png,18,165
376,1-s2.0-S0896844618306533-main-Figure4-1.png,17,164
377,1-s2.0-S0896844618306533-main-Figure5-1.png,21,164
378,1-s2.0-S0896844618308416-main-Figure9-1.png,11,175
379,1-s2.0-S0896844619307077-main-Figure2-1.png,30,192
380,1-s2.0-S0920586118306837-main-Figure1-1.png,35,178
381,1-s2.0-S0920586118306837-main-Figure4-1.png,33,183
382,1-s2.0-S0920586118306837-main-Figure5-1.png,38,181
383,1-s2.0-S0920586118306837-main-Figure6-1.png,46,202
384,1-s2.0-S0920586119305371-main-Figure11-1.png,27,207
385,1-s2.0-S0921344914000974-main-Figure2-1.png,21,191
386,1-s2.0-S0926337311003766-main-Figure2-1.png,24,209
387,1-s2.0-S0926337312002019-main-Figure3-1.png,26,180
388,1-s2.0-S0926337312002019-main-Figure4-1.png,27,175
389,1-s2.0-S0926337314007346-main-Figure1-1.png,19,197
390,1-s2.0-S0926337314007346-main-Figure2-1.png,19,200
391,1-s2.0-S0926337314007346-main-Figure3-1.png,26,200
392,1-s2.0-S0926337314007346-main-Figure5-1.png,28,200
393,1-s2.0-S0926337314007346-main-Figure6-1.png,29,200
394,1-s2.0-S0926337314007346-main-Figure7-1.png,29,199
395,1-s2.0-S0926337314007346-main-Figure8-1.png,31,199
396,1-s2.0-S0926337316301667-main-Figure7-1.png,29,190
397,1-s2.0-S0926669016300905-main-Figure5-1.png,28,190
398,1-s2.0-S0926669017305915-main-Figure1-1.png,26,197
399,1-s2.0-S0926669019304285-main-Figure7-1.png,21,195
400,1-s2.0-S0926669019310118-main-Figure2-1.png,17,192
401,1-s2.0-S0926669019310118-main-Figure3-1.png,24,193
402,1-s2.0-S0926860X17303800-main-Figure1-1.png,16,190
403,1-s2.0-S0926860X17303800-main-Figure5-1.png,16,206
404,1-s2.0-S0956053X1500361X-main-Figure2-1.png,14,207
405,1-s2.0-S0956053X16303658-main-Figure1-1.png,13,210
406,1-s2.0-S0956053X16303658-main-Figure2-1.png,28,202
407,1-s2.0-S0956053X17304403-main-Figure3-1.png,21,210
408,1-s2.0-S0956053X17305809-main-Figure3-1.png,16,194
409,1-s2.0-S0956053X17305809-main-Figure5-1.png,16,203
410,1-s2.0-S0956053X17305809-main-Figure6-1.png,14,203
411,1-s2.0-S0956053X17307638-main-Figure7-1.png,30,191
412,1-s2.0-S0956053X17307638-main-Figure8-1.png,29,189
413,1-s2.0-S0956053X1830312X-main-Figure4-1.png,19,160
414,1-s2.0-S0956053X18303404-main-Figure2-1.png,24,189
415,1-s2.0-S0956053X18303404-main-Figure3-1.png,25,192
416,1-s2.0-S0956053X18303404-main-Figure7-1.png,24,191
417,1-s2.0-S0956053X18304677-main-Figure2-1.png,23,209
418,1-s2.0-S0956053X19305410-main-Figure2-1.png,21,159
419,1-s2.0-S0956053X19305410-main-Figure3-1.png,23,204
420,1-s2.0-S0956053X19305410-main-Figure5-1.png,22,196
421,1-s2.0-S0956053X19306993-main-Figure2-1.png,19,162
422,1-s2.0-S0956053X19306993-main-Figure5-1.png,22,202
423,1-s2.0-S0957582017301969-main-Figure3-1.png,26,185
424,1-s2.0-S0957582017303786-main-Figure1-1.png,22,198
425,1-s2.0-S0957582017303786-main-Figure2-1.png,20,208
426,1-s2.0-S0959652614003035-main-Figure2-1.png,17,143
427,1-s2.0-S0959652614003035-main-Figure3-1.png,25,144
428,1-s2.0-S0959652616311921-main-Figure7-1.png,19,185
429,1-s2.0-S0959652617330123-main-Figure3-1.png,15,200
430,1-s2.0-S0959652618327124-main-Figure3-1.png,15,201
431,1-s2.0-S0959652619312260-main-Figure4-1.png,20,159
432,1-s2.0-S0959652619312260-main-Figure6-1.png,20,153
433,1-s2.0-S0959652619315331-main-Figure4-1.png,25,191
434,1-s2.0-S0959652619316634-main-Figure4-1.png,27,166
435,1-s2.0-S0959652619316634-main-Figure6-1.png,29,43
436,1-s2.0-S0959652619327118-main-Figure5-1.png,27,176
437,1-s2.0-S0959652619332640-main-Figure3-1.png,34,197
438,1-s2.0-S0959652619332640-main-Figure4-1.png,15,213
439,1-s2.0-S0960148116300659-main-Figure5-1.png,41,205
440,1-s2.0-S0960148116302476-main-Figure2-1.png,20,191
441,1-s2.0-S0960148116302476-main-Figure3-1.png,16,194
442,1-s2.0-S0960148116302476-main-Figure4-1.png,25,191
443,1-s2.0-S0960148116302476-main-Figure5-1.png,27,211
444,1-s2.0-S0960148116308461-main-Figure3-1.png,22,181
445,1-s2.0-S0960148116311120-main-Figure4-1.png,18,204
446,1-s2.0-S0960148117311424-main-Figure5-1.png,21,144
447,1-s2.0-S0960148117311424-main-Figure6-1.png,17,125
448,1-s2.0-S0960148117311424-main-Figure7-1.png,21,147
449,1-s2.0-S0960148118315787-main-Figure10-1.png,36,169
450,1-s2.0-S0960148118315787-main-Figure12-1.png,206,169
451,1-s2.0-S0960148119301648-main-Figure2-1.png,21,193
452,1-s2.0-S0960148119301648-main-Figure6-1.png,18,189
453,1-s2.0-S0960148119304768-main-Figure1-1.png,9,213
454,1-s2.0-S0960148119304768-main-Figure7-1.png,22,209
455,1-s2.0-S0960148119305488-main-Figure4-1.png,18,198
456,1-s2.0-S0960148119311048-main-Figure5-1.png,23,151
457,1-s2.0-S0960148119313230-main-Figure2-1.png,16,196
458,1-s2.0-S0960148119316428-main-Figure2-1.png,29,97
459,1-s2.0-S0960148119316428-main-Figure3-1.png,34,97
460,1-s2.0-S0960148119316428-main-Figure4-1.png,40,96
461,1-s2.0-S0960148119317331-main-Figure10-1.png,23,131
462,1-s2.0-S0960148119317331-main-Figure12-1.png,34,194
463,1-s2.0-S0960148119317331-main-Figure3-1.png,27,209
464,1-s2.0-S0960308519300203-main-Figure2-1.png,39,199
465,1-s2.0-S0960308519306224-main-Figure5-1.png,25,194
466,1-s2.0-S0960852410010989-main-Figure1-1.png,22,193
467,1-s2.0-S0960852410010989-main-Figure2-1.png,19,196
468,1-s2.0-S0960852410013659-main-Figure6-1.png,28,193
469,1-s2.0-S0960852411018074-main-Figure6-1.png,24,193
470,1-s2.0-S0960852412000144-main-Figure3-1.png,24,199
471,1-s2.0-S0960852412000533-main-Figure6-1.png,24,191
472,1-s2.0-S0960852412005688-main-Figure1-1.png,25,196
473,1-s2.0-S0960852412005688-main-Figure5-1.png,22,196
474,1-s2.0-S0960852412005846-main-Figure1-1.png,21,171
475,1-s2.0-S0960852412005846-main-Figure2-1.png,21,167
476,1-s2.0-S0960852412011819-main-Figure3-1.png,20,198
477,1-s2.0-S0960852412013302-main-Figure1-1.png,20,183
478,1-s2.0-S0960852412013302-main-Figure3-1.png,37,148
479,1-s2.0-S0960852412013302-main-Figure4-1.png,22,204
480,1-s2.0-S0960852412015222-main-Figure4-1.png,29,175
481,1-s2.0-S0960852413003234-main-Figure2-1.png,23,188
482,1-s2.0-S0960852413004422-main-Figure2-1.png,21,192
483,1-s2.0-S0960852413004422-main-Figure5-1.png,21,194
484,1-s2.0-S0960852413009231-main-Figure6-1.png,18,188
485,1-s2.0-S0960852413009723-main-Figure3-1.png,21,155
486,1-s2.0-S0960852413015241-main-Figure1-1.png,22,199
487,1-s2.0-S0960852413015241-main-Figure2-1.png,21,197
488,1-s2.0-S0960852413016131-main-Figure1-1.png,24,200
489,1-s2.0-S0960852413019147-main-Figure4-1.png,21,193
490,1-s2.0-S0960852413019160-main-Figure1-1.png,0,195
491,1-s2.0-S0960852413019160-main-Figure3-1.png,0,195
492,1-s2.0-S0960852414005641-main-Figure3-1.png,23,188
493,1-s2.0-S0960852414005641-main-Figure4-1.png,26,189
494,1-s2.0-S0960852414006075-main-Figure1-1.png,25,202
495,1-s2.0-S0960852414006816-main-Figure1-1.png,24,176
496,1-s2.0-S0960852414010335-main-Figure1-1.png,17,210
497,1-s2.0-S0960852414010335-main-Figure5-1.png,19,202
498,1-s2.0-S0960852414010724-main-Figure3-1.png,22,194
499,1-s2.0-S0960852414011134-main-Figure3-1.png,26,180
500,1-s2.0-S0960852414011134-main-Figure4-1.png,29,176
501,1-s2.0-S0960852414011134-main-Figure6-1.png,27,189
502,1-s2.0-S0960852414011213-main-Figure1-1.png,19,173
503,1-s2.0-S0960852414012358-main-Figure1.1-1.png,25,193
504,1-s2.0-S0960852414012358-main-Figure1.2-1.png,22,193
505,1-s2.0-S0960852414012358-main-Figure1.3-1.png,23,193
506,1-s2.0-S0960852414012358-main-Figure1.4-1.png,23,194
507,1-s2.0-S0960852414012358-main-Figure2.1-1.png,23,194
508,1-s2.0-S0960852414012358-main-Figure2.2-1.png,23,193
509,1-s2.0-S0960852414012358-main-Figure2.3-1.png,22,193
510,1-s2.0-S0960852414012358-main-Figure2.4-1.png,23,193
511,1-s2.0-S0960852414012358-main-Figure3.1-1.png,22,194
512,1-s2.0-S0960852414012358-main-Figure3.2-1.png,22,193
513,1-s2.0-S0960852414012358-main-Figure3.3-1.png,20,193
514,1-s2.0-S0960852414012358-main-Figure3.4-1.png,22,193
515,1-s2.0-S0960852414015259-main-Figure3-1.png,18,181
516,1-s2.0-S0960852414015508-main-Figure2-1.png,18,210
517,1-s2.0-S0960852415000115-main-Figure3-1.png,23,196
518,1-s2.0-S0960852415003181-main-Figure5-1.png,17,169
519,1-s2.0-S0960852415005106-main-Figure2-1.png,23,194
520,1-s2.0-S0960852415005106-main-Figure3-1.png,13,200
521,1-s2.0-S0960852415008433-main-Figure3-1.png,22,177
522,1-s2.0-S0960852415008433-main-Figure5-1.png,19,209
523,1-s2.0-S0960852415009736-main-Figure6-1.png,46,190
524,1-s2.0-S0960852415010391-main-Figure2-1.png,32,203
525,1-s2.0-S0960852415010391-main-Figure4-1.png,31,196
526,1-s2.0-S0960852415010391-main-Figure5-1.png,25,115
527,1-s2.0-S0960852415010871-main-Figure5-1.png,16,177
528,1-s2.0-S0960852415011499-main-Figure2-1.png,17,196
529,1-s2.0-S0960852415011499-main-Figure3-1.png,22,196
530,1-s2.0-S0960852415011943-main-Figure3-1.png,111,193
531,1-s2.0-S0960852415011943-main-Figure4-1.png,20,207
532,1-s2.0-S0960852416000298-main-Figure2-1.png,32,173
533,1-s2.0-S0960852416300918-main-Figure1-1.png,32,152
534,1-s2.0-S0960852416301833-main-Figure2-1.png,29,203
535,1-s2.0-S0960852416301833-main-Figure3-1.png,29,204
536,1-s2.0-S0960852416303698-main-Figure2-1.png,24,212
537,1-s2.0-S0960852416303698-main-Figure3-1.png,22,199
538,1-s2.0-S0960852416303698-main-Figure4-1.png,16,204
539,1-s2.0-S0960852416305533-main-Figure2-1.png,20,184
540,1-s2.0-S0960852416305533-main-Figure3-1.png,16,179
541,1-s2.0-S0960852416305533-main-Figure4-1.png,19,193
542,1-s2.0-S0960852416308719-main-Figure2-1.png,18,198
543,1-s2.0-S0960852416308719-main-Figure3-1.png,23,197
544,1-s2.0-S0960852416308719-main-Figure4-1.png,18,200
545,1-s2.0-S0960852416309026-main-Figure2-1.png,24,208
546,1-s2.0-S0960852416309026-main-Figure4-1.png,18,208
547,1-s2.0-S0960852416309129-main-Figure1-1.png,29,206
548,1-s2.0-S0960852416310264-main-Figure1-1.png,27,192
549,1-s2.0-S0960852416310264-main-Figure2-1.png,24,191
550,1-s2.0-S0960852416310264-main-Figure3-1.png,25,192
551,1-s2.0-S0960852416310264-main-Figure4-1.png,22,202
552,1-s2.0-S0960852416310264-main-Figure5-1.png,25,182
553,1-s2.0-S0960852416311816-main-Figure2-1.png,18,192
554,1-s2.0-S0960852416311816-main-Figure4-1.png,20,212
555,1-s2.0-S0960852416312482-main-Figure3-1.png,17,198
556,1-s2.0-S0960852416313360-main-Figure3-1.png,26,203
557,1-s2.0-S0960852416313402-main-Figure2-1.png,16,209
558,1-s2.0-S0960852416314055-main-Figure2-1.png,29,179
559,1-s2.0-S0960852416314055-main-Figure3-1.png,29,177
560,1-s2.0-S0960852416314286-main-Figure1-1.png,24,182
561,1-s2.0-S0960852416314651-main-Figure1-1.png,32,194
562,1-s2.0-S0960852416314961-main-Figure3-1.png,18,200
563,1-s2.0-S0960852416314961-main-Figure5-1.png,23,199
564,1-s2.0-S0960852417300020-main-Figure4-1.png,36,206
565,1-s2.0-S0960852417300056-main-Figure2-1.png,78,197
566,1-s2.0-S0960852417300494-main-Figure4-1.png,28,158
567,1-s2.0-S0960852417300603-main-Figure1-1.png,29,181
568,1-s2.0-S0960852417300603-main-Figure2-1.png,27,175
569,1-s2.0-S0960852417300937-main-Figure1-1.png,29,173
570,1-s2.0-S0960852417308544-main-Figure2-1.png,33,202
571,1-s2.0-S0960852417309896-main-Figure1-1.png,30,187
572,1-s2.0-S0960852417309896-main-Figure2-1.png,24,178
573,1-s2.0-S0960852417309896-main-Figure3-1.png,30,185
574,1-s2.0-S0960852417309896-main-Figure4-1.png,22,191
575,1-s2.0-S0960852417310520-main-Figure2-1.png,19,211
576,1-s2.0-S0960852417310520-main-Figure3-1.png,19,211
577,1-s2.0-S0960852417311409-main-Figure1-1.png,13,186
578,1-s2.0-S0960852417311963-main-Figure2-1.png,28,182
579,1-s2.0-S0960852417311963-main-Figure3-1.png,58,182
580,1-s2.0-S0960852417311963-main-Figure4-1.png,52,183
581,1-s2.0-S0960852417312452-main-Figure5-1.png,23,204
582,1-s2.0-S0960852417314268-main-Figure1-1.png,18,188
583,1-s2.0-S0960852417316413-main-Figure1-1.png,29,188
584,1-s2.0-S0960852417316413-main-Figure3-1.png,30,161
585,1-s2.0-S0960852417316553-main-Figure1-1.png,24,210
586,1-s2.0-S0960852417317844-main-Figure1-1.png,23,192
587,1-s2.0-S0960852417318771-main-Figure2-1.png,34,192
588,1-s2.0-S0960852417320539-main-Figure2-1.png,23,207
589,1-s2.0-S0960852417322113-main-Figure2-1.png,18,180
590,1-s2.0-S0960852417322113-main-Figure3-1.png,12,182
591,1-s2.0-S0960852417322113-main-Figure5-1.png,20,197
592,1-s2.0-S0960852418302967-main-Figure1-1.png,21,209
593,1-s2.0-S0960852418306631-main-Figure1-1.png,23,198
594,1-s2.0-S0960852418306631-main-Figure2-1.png,23,191
595,1-s2.0-S0960852418306631-main-Figure3-1.png,23,195
596,1-s2.0-S0960852418307983-main-Figure2-1.png,24,185
597,1-s2.0-S0960852418312859-main-Figure1-1.png,21,195
598,1-s2.0-S0960852418312859-main-Figure2-1.png,21,177
599,1-s2.0-S0960852418316420-main-Figure3-1.png,22,193
600,1-s2.0-S0960852418317085-main-Figure5-1.png,26,207
601,1-s2.0-S0960852418317528-main-Figure6-1.png,17,180
602,1-s2.0-S0960852419300410-main-Figure3-1.png,68,186
603,1-s2.0-S0960852419300963-main-Figure1-1.png,19,204
604,1-s2.0-S0960852419300963-main-Figure3-1.png,14,199
605,1-s2.0-S0960852419300963-main-Figure4-1.png,16,208
606,1-s2.0-S0960852419304997-main-Figure4-1.png,20,196
607,1-s2.0-S0960852419305103-main-Figure1-1.png,26,197
608,1-s2.0-S0960852419305103-main-Figure3-1.png,26,198
609,1-s2.0-S0960852419305103-main-Figure5-1.png,26,191
610,1-s2.0-S0960852419306157-main-Figure3-1.png,25,191
611,1-s2.0-S0960852419306157-main-Figure4-1.png,30,110
612,1-s2.0-S0960852419307308-main-Figure1-1.png,25,164
613,1-s2.0-S0960852419307308-main-Figure3-1.png,13,178
614,1-s2.0-S0960852419307308-main-Figure4-1.png,14,179
615,1-s2.0-S0960852419311149-main-Figure1-1.png,18,174
616,1-s2.0-S0960852419311149-main-Figure2-1.png,19,176
617,1-s2.0-S0960852419311149-main-Figure3-1.png,19,186
618,1-s2.0-S0960852419311149-main-Figure4-1.png,18,183
619,1-s2.0-S0960852419311940-main-Figure2-1.png,100,193
620,1-s2.0-S0960852419313276-main-Figure5-1.png,23,193
621,1-s2.0-S0960852419313276-main-Figure6-1.png,25,181
622,1-s2.0-S0960852419313781-main-Figure1-1.png,18,211
623,1-s2.0-S0960852419313781-main-Figure2-1.png,20,198
624,1-s2.0-S0960852419313781-main-Figure3-1.png,18,202
625,1-s2.0-S0960852419313781-main-Figure4-1.png,18,200
626,1-s2.0-S0960852419317328-main-Figure1-1.png,23,191
627,1-s2.0-S0961953412003789-main-Figure10-1.png,24,195
628,1-s2.0-S0961953412003789-main-Figure11-1.png,28,194
629,1-s2.0-S0961953412003789-main-Figure12-1.png,25,197
630,1-s2.0-S0961953412003789-main-Figure13-1.png,25,197
631,1-s2.0-S0961953412003789-main-Figure6-1.png,32,192
632,1-s2.0-S0961953412003789-main-Figure8-1.png,25,193
633,1-s2.0-S0961953412003789-main-Figure9-1.png,31,193
634,1-s2.0-S0961953412005284-main-Figure1-1.png,28,205
635,1-s2.0-S0961953412005284-main-Figure2-1.png,28,205
636,1-s2.0-S0961953412005284-main-Figure4-1.png,30,205
637,1-s2.0-S0961953412005284-main-Figure5-1.png,43,205
638,1-s2.0-S0961953412005284-main-Figure6-1.png,43,205
639,1-s2.0-S0961953412005284-main-Figure7-1.png,32,205
640,1-s2.0-S0961953413004443-main-Figure2-1.png,18,203
641,1-s2.0-S096195341400141X-main-Figure3-1.png,27,192
642,1-s2.0-S096195341400141X-main-Figure7-1.png,30,186
643,1-s2.0-S0961953414004000-main-Figure5-1.png,11,188
644,1-s2.0-S0961953414005248-main (1)-Figure3-1.png,27,219
645,1-s2.0-S0961953414005248-main-Figure3-1.png,27,219
646,1-s2.0-S0961953414005315-main-Figure2-1.png,24,194
647,1-s2.0-S0961953415000094-main-Figure1-1.png,30,191
648,1-s2.0-S0961953415000124-main-Figure3-1.png,14,152
649,1-s2.0-S0961953415000124-main-Figure4-1.png,20,157
650,1-s2.0-S0961953415301045-main-Figure1-1.png,16,215
651,1-s2.0-S0961953416300290-main-Figure6-1.png,19,188
652,1-s2.0-S0961953416300290-main-Figure7-1.png,20,196
653,1-s2.0-S0961953416300290-main-Figure8-1.png,18,196
654,1-s2.0-S0961953416300721-main-Figure3-1.png,35,201
655,1-s2.0-S0961953416300721-main-Figure4-1.png,37,199
656,1-s2.0-S0961953416300721-main-Figure5-1.png,30,186
657,1-s2.0-S0961953416300721-main-Figure6-1.png,27,187
658,1-s2.0-S0961953416300721-main-Figure7-1.png,29,188
659,1-s2.0-S0961953416302458-main-Figure4-1.png,15,209
660,1-s2.0-S0961953416302458-main-Figure5-1.png,13,209
661,1-s2.0-S0961953417300120-main-Figure4-1.png,18,206
662,1-s2.0-S0961953417300399-main-Figure3-1.png,25,181
663,1-s2.0-S0961953417303495-main-Figure5-1.png,33,84
664,1-s2.0-S0961953417303495-main-Figure6-1.png,27,126
665,1-s2.0-S0961953417303495-main-Figure7-1.png,25,178
666,1-s2.0-S0961953417303501-main-Figure4-1.png,25,180
667,1-s2.0-S0961953418301764-main-Figure3-1.png,26,183
668,1-s2.0-S0961953418303179-main-Figure1-1.png,24,178
669,1-s2.0-S0961953418303179-main-Figure3-1.png,23,180
670,1-s2.0-S0961953419300297-main-Figure4-1.png,31,178
671,1-s2.0-S0961953419300297-main-Figure6-1.png,28,174
672,1-s2.0-S0961953419300704-main-Figure2-1.png,27,155
673,1-s2.0-S0961953419300704-main-Figure3-1.png,23,140
674,1-s2.0-S0961953419300704-main-Figure4-1.png,24,134
675,1-s2.0-S0961953419300704-main-Figure5-1.png,22,138
676,1-s2.0-S0961953419303629-main-Figure1-1.png,19,200
677,1-s2.0-S0961953419303629-main-Figure2-1.png,19,198
678,1-s2.0-S0961953419303629-main-Figure4-1.png,21,210
679,1-s2.0-S0961953419303629-main-Figure6-1.png,20,201
680,1-s2.0-S0961953419303629-main-Figure8-1.png,24,209
681,1-s2.0-S0961953419303666-main-Figure7-1.png,23,136
682,1-s2.0-S0961953419303666-main-Figure9-1.png,32,191
683,1-s2.0-S0961953420300118-main-Figure4-1.png,22,191
684,1-s2.0-S0961953420300192-main-Figure3-1.png,33,129
685,1-s2.0-S0961953420300386-main-Figure10-1.png,22,168
686,1-s2.0-S0961953420300386-main-Figure11-1.png,24,171
687,1-s2.0-S0961953420300386-main-Figure12-1.png,24,171
688,1-s2.0-S0961953420300386-main-Figure13-1.png,42,205
689,1-s2.0-S0961953420300386-main-Figure3-1.png,27,188
690,1-s2.0-S0961953420300386-main-Figure6-1.png,24,176
691,1-s2.0-S0961953420300386-main-Figure8-1.png,51,170
692,1-s2.0-S0961953420300386-main-Figure9-1.png,48,174
693,1-s2.0-S1359511316308285-main-Figure1-1.png,33,185
694,1-s2.0-S1359511317315854-main-Figure2-1.png,19,195
695,1-s2.0-S1359511317315854-main-Figure4-1.png,19,158
696,1-s2.0-S1359511317315854-main-Figure6-1.png,19,199
697,1-s2.0-S1364032114010399-main-Figure2-1.png,30,197
698,1-s2.0-S1364032114010442-main-Figure2-1.png,33,193
699,1-s2.0-S1364032115001446-main-Figure4-1.png,22,185
700,1-s2.0-S1364032115001446-main-Figure7-1.png,21,130
701,1-s2.0-S1364032115005675-main-Figure4-1.png,34,189
702,1-s2.0-S1364032115005675-main-Figure9-1.png,18,196
703,1-s2.0-S1364032115011247-main-Figure20-1.png,17,182
704,1-s2.0-S1364032115011247-main-Figure22-1.png,19,181
705,1-s2.0-S1364032115011247-main-Figure23-1.png,18,180
706,1-s2.0-S1364032115011247-main-Figure24-1.png,18,182
707,1-s2.0-S1364032115011247-main-Figure25-1.png,18,181
708,1-s2.0-S1364032115011247-main-Figure26-1.png,18,186
709,1-s2.0-S1364032116311674-main-Figure2-1.png,102,195
710,1-s2.0-S1364032117311061-main-Figure1-1.png,15,202
711,1-s2.0-S1364032117311061-main-Figure2-1.png,15,198
712,1-s2.0-S1364032118301461-main-Figure18-1.png,22,204
713,1-s2.0-S1364032118301461-main-Figure19-1.png,28,195
714,1-s2.0-S1364032118301461-main-Figure20-1.png,151,201
715,1-s2.0-S1364032118301461-main-Figure9-1.png,24,208
716,1-s2.0-S1364032119303570-main-Figure10-1.png,21,191
717,1-s2.0-S1364032119303570-main-Figure11-1.png,20,170
718,1-s2.0-S1364032119303570-main-Figure12-1.png,21,171
719,1-s2.0-S1364032119303570-main-Figure13-1.png,22,172
720,1-s2.0-S1364032119303570-main-Figure14-1.png,16,185
721,1-s2.0-S1364032119303570-main-Figure15-1.png,17,218
722,1-s2.0-S1364032119303570-main-Figure4-1.png,13,162
723,1-s2.0-S1364032119303570-main-Figure5-1.png,14,159
724,1-s2.0-S1364032119303570-main-Figure6-1.png,18,200
725,1-s2.0-S1364032119303570-main-Figure7-1.png,21,190
726,1-s2.0-S1364032119303570-main-Figure8-1.png,15,191
727,1-s2.0-S1364032119303570-main-Figure9-1.png,16,189
728,1-s2.0-S1364032119304101-main-Figure1-1.png,23,192
729,1-s2.0-S1364032119305635-main-Figure5-1.png,142,192
730,1-s2.0-S1364032119306082-main-Figure12-1.png,20,181
731,1-s2.0-S1364032119306112-main-Figure4-1.png,22,200
732,1-s2.0-S1364032119306112-main-Figure6-1.png,33,151
733,1-s2.0-S1364032119307567-main-Figure3-1.png,15,202
734,1-s2.0-S1369703X15301224-main-Figure1-1.png,21,168
735,1-s2.0-S1381116915301217-main-Figure11-1.png,23,203
736,1-s2.0-S1383586616313132-main-Figure5-1.png,43,196
737,1-s2.0-S1383586617320841-main-Figure5-1.png,49,196
738,1-s2.0-S1385894714007244-main-Figure1-1.png,18,202
739,1-s2.0-S1385894714007244-main-Figure3-1.png,20,201
740,1-s2.0-S1385894715013765-main-Figure3-1.png,20,192
741,1-s2.0-S1385894718326238-main-Figure17-1.png,26,208
742,1-s2.0-S174396711420119X-main-Figure9-1.png,18,210
743,1-s2.0-S1743967117303239-main-Figure2-1.png,9,187
744,1-s2.0-S1743967117303239-main-Figure7-1.png,23,203
745,1-s2.0-S1743967119300480-main-Figure1-1.png,23,186
746,1-s2.0-S1743967119305409-main-Figure2-1.png,24,198
747,1-s2.0-S1743967119305409-main-Figure3-1.png,24,198
748,1-s2.0-S1743967119305409-main-Figure4-1.png,14,199
749,1-s2.0-S1743967119305409-main-Figure5-1.png,21,199
750,1-s2.0-S1743967119305409-main-Figure6-1.png,14,199
751,1-s2.0-S1743967119305409-main-Figure7-1.png,28,207
752,1-s2.0-S1743967119305409-main-Figure8-1.png,20,197
753,1-s2.0-S2211926412000057-main-Figure2-1.png,31,130
754,1-s2.0-S2211926413000209-main-Figure2-1.png,17,193
755,1-s2.0-S2211926413000209-main-Figure6-1.png,13,190
756,1-s2.0-S2211926413000209-main-Figure7-1.png,15,189
757,1-s2.0-S2211926413000209-main-Figure8-1.png,14,190
758,1-s2.0-S2211926413000209-main-Figure9-1.png,17,189
759,1-s2.0-S2211926413000520-main-Figure1-1.png,29,170
760,1-s2.0-S2211926413000532-main-Figure8-1.png,23,186
761,1-s2.0-S2211926414000502-main-Figure3-1.png,24,202
762,1-s2.0-S2211926414000502-main-Figure4-1.png,23,203
763,1-s2.0-S2211926414000502-main-Figure5-1.png,24,187
764,1-s2.0-S2211926414000502-main-Figure6-1.png,14,203
765,1-s2.0-S2211926414000502-main-Figure7-1.png,25,200
766,1-s2.0-S2211926414000538-main-Figure4-1.png,22,205
767,1-s2.0-S2211926414000708-main-Figure3-1.png,19,207
768,1-s2.0-S2211926414000708-main-Figure5-1.png,22,207
769,1-s2.0-S2211926414000708-main-Figure6-1.png,23,207
770,1-s2.0-S2211926415000521-main-Figure2-1.png,20,203
771,1-s2.0-S2211926415000521-main-Figure3-1.png,13,179
772,1-s2.0-S2211926415000740-main-Figure1-1.png,23,166
773,1-s2.0-S2211926415000831-main-Figure1-1.png,20,189
774,1-s2.0-S2211926415000831-main-Figure2-1.png,21,133
775,1-s2.0-S2211926415300734-main-Figure6-1.png,22,187
776,1-s2.0-S2211926415300862-main-Figure4-1.png,30,192
777,1-s2.0-S2211926415300862-main-Figure6-1.png,30,195
778,1-s2.0-S2211926415300990-main-Figure4-1.png,14,179
779,1-s2.0-S2211926415300990-main-Figure5-1.png,13,180
780,1-s2.0-S2211926415301053-main-Figure4-1.png,24,188
781,1-s2.0-S2211926415301053-main-Figure5-1.png,41,201
782,1-s2.0-S2211926415301247-main-Figure2-1.png,21,193
783,1-s2.0-S2211926416301448-main-Figure2-1.png,23,199
784,1-s2.0-S2211926416301989-main-Figure3-1.png,38,187
785,1-s2.0-S2211926416301989-main-Figure4-1.png,32,179
786,1-s2.0-S2211926416301989-main-Figure5-1.png,36,183
787,1-s2.0-S2211926416301989-main-Figure6-1.png,37,188
788,1-s2.0-S2211926416302661-main-Figure5-1.png,28,162
789,1-s2.0-S2211926416302661-main-Figure6-1.png,37,191
790,1-s2.0-S2211926416307834-main-Figure4-1.png,58,140
791,1-s2.0-S2211926416307834-main-Figure5-1.png,69,203
792,1-s2.0-S2211926416308062-main-Figure2-1.png,27,206
793,1-s2.0-S2211926416308062-main-Figure6-1.png,30,193
794,1-s2.0-S2211926416308384-main-Figure5-1.png,19,198
795,1-s2.0-S2211926416308384-main-Figure6-1.png,23,192
796,1-s2.0-S2211926416308384-main-Figure7-1.png,18,207
797,1-s2.0-S2211926417300073-main-Figure3-1.png,22,110
798,1-s2.0-S2211926417300073-main-Figure5-1.png,25,201
799,1-s2.0-S2211926417304605-main-Figure2-1.png,25,191
800,1-s2.0-S2211926417304605-main-Figure6-1.png,25,205
801,1-s2.0-S2211926417306732-main-Figure2-1.png,14,204
802,1-s2.0-S2211926417306732-main-Figure3-1.png,14,189
803,1-s2.0-S2211926417306732-main-Figure5-1.png,16,183
804,1-s2.0-S2211926417309529-main-Figure4-1.png,19,177
805,1-s2.0-S2211926417309529-main-Figure6-1.png,20,196
806,1-s2.0-S2211926418302078-main-Figure7-1.png,20,193
807,1-s2.0-S2211926418302467-main-Figure4-1.png,17,190
808,1-s2.0-S2211926418305988-main-Figure2-1.png,18,189
809,1-s2.0-S2211926418305988-main-Figure6-1.png,26,193
810,1-s2.0-S2211926418305988-main-Figure7-1.png,12,110
811,1-s2.0-S2211926418307756-main-Figure4-1.png,43,192
812,1-s2.0-S2211926418307756-main-Figure6-1.png,45,198
813,1-s2.0-S2211926418307756-main-Figure8-1.png,23,184
814,1-s2.0-S2211926418307756-main-Figure9-1.png,43,200
815,1-s2.0-S221192641830804X-main-Figure4-1.png,37,159
816,1-s2.0-S221192641830804X-main-Figure5-1.png,36,183
817,1-s2.0-S221192641830804X-main-Figure7-1.png,26,151
818,1-s2.0-S221192641830804X-main-Figure9-1.png,23,149
819,1-s2.0-S2211926418308403-main-Figure7-1.png,81,184
820,1-s2.0-S2211926418308403-main-Figure8-1.png,83,184
821,1-s2.0-S2211926418309688-main-Figure6-1.png,19,166
822,1-s2.0-S2211926418311317-main-Figure1-1.png,31,186
823,1-s2.0-S2211926418311317-main-Figure2-1.png,38,183
824,1-s2.0-S2211926418311317-main-Figure6-1.png,33,186
825,1-s2.0-S2211926419303704-main-Figure12-1.png,52,164
826,1-s2.0-S2211926419303704-main-Figure13-1.png,52,165
827,1-s2.0-S2211926419303704-main-Figure14-1.png,79,197
828,1-s2.0-S2211926419303704-main-Figure2-1.png,32,186
829,1-s2.0-S2211926419303704-main-Figure4-1.png,30,182
830,1-s2.0-S2211926419303704-main-Figure5-1.png,24,171
831,1-s2.0-S2211926419303704-main-Figure6-1.png,23,177
832,1-s2.0-S2211926419304746-main-Figure1-1.png,19,176
833,1-s2.0-S2211926419304746-main-Figure2-1.png,19,181
834,1-s2.0-S2213343718306250-main-Figure2-1.png,23,190
835,1-s2.0-S221471441930296X-main-Figure5-1.png,18,188
836,3-s2.0-B9780128112908000116-main-Figure11.10-1.png,32,201
837,3-s2.0-B9780128112908000116-main-Figure11.11-1.png,23,189
838,3-s2.0-B9780128112908000116-main-Figure11.13-1.png,24,210
839,acs.energyfuels.5b00321-Figure1-1.png,29,180
840,acs.energyfuels.5b00321-Figure2-1.png,29,202
841,acs.energyfuels.5b02136-Figure2-1.png,22,202
842,acs.energyfuels.5b02136-Figure3-1.png,49,180
843,acs.energyfuels.5b02136-Figure5-1.png,24,190
844,acs.energyfuels.5b02962-Figure4-1.png,20,213
845,acs.energyfuels.6b00096-Figure2-1.png,36,193
846,acs.energyfuels.6b00201-Figure4-1.png,22,192
847,acs.energyfuels.6b00201-Figure5-1.png,28,192
848,acs.energyfuels.6b00201-Figure6-1.png,69,195
849,acs.energyfuels.6b00201-Figure9-1.png,26,156
850,acs.energyfuels.6b00281-Figure5-1.png,25,194
851,acs.energyfuels.6b00281-Figure7-1.png,50,195
852,acs.energyfuels.6b00441-Figure5-1.png,45,207
853,acs.energyfuels.6b00479-Figure8-1.png,54,186
854,acs.energyfuels.6b00904-Figure2-1.png,26,136
855,acs.energyfuels.6b00904-Figure3-1.png,24,188
856,acs.energyfuels.6b00904-Figure4-1.png,35,187
857,acs.energyfuels.6b00904-Figure5-1.png,26,188
858,acs.energyfuels.6b01103-Figure11-1.png,24,193
859,acs.energyfuels.6b01103-Figure8-1.png,35,195
860,acs.energyfuels.6b01103-Figure9-1.png,26,193
861,acs.energyfuels.6b01229-Figure3-1.png,26,182
862,acs.energyfuels.6b01229-Figure4-1.png,36,188
863,acs.energyfuels.6b02007-Figure1-1.png,22,176
864,acs.energyfuels.6b02115-Figure1-1.png,32,178
865,acs.energyfuels.6b02128-Figure3-1.png,50,180
866,acs.energyfuels.6b03022-Figure1-1.png,19,196
867,acs.energyfuels.6b03022-Figure2-1.png,19,193
868,acs.energyfuels.6b03039-Figure2-1.png,26,203
869,acs.energyfuels.6b03039-Figure6-1.png,41,193
870,acs.energyfuels.7b01057-Figure7-1.png,30,207
871,acs.energyfuels.7b01057-Figure8-1.png,30,207
872,acs.energyfuels.7b01252-Figure1-1.png,21,196
873,acs.energyfuels.7b01252-Figure2-1.png,21,196
874,acs.energyfuels.7b01252-Figure4-1.png,21,199
875,acs.energyfuels.7b01252-Figure6-1.png,26,198
876,acs.energyfuels.7b01306-Figure5-1.png,20,190
877,acs.energyfuels.7b01825-Figure2-1.png,24,199
878,acs.energyfuels.7b02994-Figure3-1.png,63,154
879,acs.energyfuels.7b02994-Figure5-1.png,58,160
880,acs.energyfuels.7b03144-Figure5-1.png,59,208
881,acs.energyfuels.7b03144-Figure6-1.png,24,207
882,acs.energyfuels.8b00589-Figure2-1.png,31,185
883,acs.energyfuels.8b00668-Figure3-1.png,21,171
884,acs.energyfuels.8b00669-Figure3-1.png,14,170
885,acs.energyfuels.8b00669-Figure4-1.png,20,189
886,acs.energyfuels.8b00669-Figure5-1.png,16,187
887,acs.energyfuels.8b02374-Figure10-1.png,26,152
888,acs.energyfuels.8b02374-Figure2-1.png,18,152
889,acs.energyfuels.8b02374-Figure3-1.png,41,155
890,acs.energyfuels.8b02374-Figure4-1.png,19,153
891,acs.energyfuels.8b02374-Figure7-1.png,23,152
892,acs.energyfuels.8b02374-Figure8-1.png,29,150
893,acs.energyfuels.8b03001-Figure20-1.png,28,168
894,acs.energyfuels.8b03001-Figure21-1.png,21,172
895,acs.energyfuels.8b04205-Figure4-1.png,54,210
896,acs.energyfuels.8b04381-Figure10-1.png,21,151
897,acs.energyfuels.8b04381-Figure11-1.png,22,186
898,acs.energyfuels.8b04381-Figure4-1.png,23,173
899,acs.energyfuels.8b04381-Figure5-1.png,28,177
900,acs.energyfuels.8b04381-Figure6-1.png,21,148
901,acs.energyfuels.8b04381-Figure8-1.png,19,180
902,acs.energyfuels.8b04431-Figure4-1.png,24,194
903,acs.energyfuels.8b04431-Figure5-1.png,22,195
904,acs.energyfuels.8b04431-Figure8-1.png,22,196
905,acs.energyfuels.9b00808-Figure3-1.png,18,193
906,acs.energyfuels.9b00808-Figure4-1.png,15,191
907,acs.energyfuels.9b00954-Figure5-1.png,21,196
908,acs.energyfuels.9b01071-Figure4-1.png,20,197
909,acs.energyfuels.9b01071-Figure5-1.png,22,206
910,acs.energyfuels.9b01071-Figure8-1.png,24,192
911,acs.energyfuels.9b01473-Figure10-1.png,16,205
912,acs.energyfuels.9b01473-Figure11-1.png,17,206
913,acs.energyfuels.9b01473-Figure3-1.png,20,208
914,acs.energyfuels.9b01501-Figure5-1.png,21,195
915,acs.energyfuels.9b01846-Figure6-1.png,40,194
916,acs.energyfuels.9b02155-Figure4-1.png,26,194
917,acs.energyfuels.9b02155-Figure7-1.png,15,211
918,acs.energyfuels.9b03729-Figure2-1.png,26,188
919,acs.energyfuels.9b04093-Figure1-1.png,24,209
920,acs.energyfuels.9b04093-Figure2-1.png,24,208
921,acs.energyfuels.9b04093-Figure4-1.png,25,209
922,acs.energyfuels.9b04093-Figure6-1.png,22,209
923,acs.est.9b00909-Figure4-1.png,13,179
924,acs.iecr.6b03414-Figure2-1.png,45,203
925,acs.iecr.6b03414-Figure6-1.png,64,206
926,acs.iecr.6b03414-Figure7-1.png,35,203
927,acs.iecr.6b04086-Figure2-1.png,82,210
928,acs.iecr.6b04086-Figure4-1.png,67,191
929,acs.iecr.6b04086-Figure5-1.png,83,206
930,acs.iecr.6b04111-Figure10-1.png,28,172
931,acs.iecr.6b04111-Figure13-1.png,39,191
932,acs.iecr.6b04111-Figure3-1.png,40,185
933,acs.iecr.7b00327-Figure7-1.png,25,184
934,acs.iecr.7b03746-Figure10-1.png,24,188
935,acs.iecr.7b03746-Figure6-1.png,22,188
936,acs.iecr.7b03746-Figure9-1.png,24,190
937,acs.iecr.8b03725-Figure1-1.png,23,194
938,acs.iecr.8b03725-Figure2-1.png,33,204
939,acs.iecr.8b03725-Figure4-1.png,30,189
940,acs.iecr.8b03725-Figure6-1.png,27,202
941,acs.iecr.8b04378-Figure2-1.png,35,209
942,acs.iecr.8b05366-Figure12-1.png,58,194
943,acs.iecr.8b05366-Figure9-1.png,23,203
944,acs.iecr.9b02442-Figure2-1.png,21,211
945,acs.iecr.9b02442-Figure3-1.png,19,212
946,acs.iecr.9b03497-Figure1-1.png,23,182
947,acs.iecr.9b03497-Figure2-1.png,29,180
948,acs.iecr.9b03497-Figure3-1.png,25,180
949,acs.iecr.9b03497-Figure4-1.png,32,180
950,acs.iecr.9b03497-Figure5-1.png,32,207
951,acs.iecr.9b03497-Figure6-1.png,32,206
952,acs.iecr.9b04335-Figure6-1.png,17,132
953,acsami.7b16185-Figure12-1.png,19,210
954,acsomega.8b00045-Figure2-1.png,16,185
955,acsomega.8b00045-Figure3-1.png,21,183
956,acsomega.8b03600-Figure1-1.png,40,190
957,acsomega.8b03600-Figure2-1.png,39,191
958,acssuschemeng.5b01645-Figure3-1.png,30,196
959,acssuschemeng.6b00226-Figure2-1.png,33,195
960,acssuschemeng.6b01957-Figure1-1.png,62,193
961,acssuschemeng.6b02367-Figure5-1.png,16,174
962,acssuschemeng.6b02367-Figure6-1.png,17,172
963,acssuschemeng.6b02367-Figure7-1.png,16,174
964,acssuschemeng.7b00226-Figure6-1.png,26,185
965,acssuschemeng.7b00233-Figure1-1.png,19,171
966,acssuschemeng.7b00233-Figure3-1.png,55,194
967,acssuschemeng.7b01473-Figure1-1.png,59,185
968,acssuschemeng.7b02052-Figure8-1.png,27,206
969,acssuschemeng.7b02226-Figure8-1.png,24,190
970,acssuschemeng.7b02854-Figure1-1.png,20,201
971,acssuschemeng.7b03328-Figure2-1.png,31,189
972,acssuschemeng.7b04338-Figure5-1.png,43,171
973,acssuschemeng.7b04338-Figure6-1.png,43,170
974,acssuschemeng.8b01368-Figure1-1.png,16,176
975,acssuschemeng.8b01368-Figure3-1.png,16,177
976,acssuschemeng.8b01368-Figure5-1.png,17,174
977,acssuschemeng.8b01368-Figure8-1.png,36,204
978,acssuschemeng.8b02012-Figure1-1.png,31,194
979,acssuschemeng.8b02012-Figure7-1.png,21,211
980,acssuschemeng.8b03156-Figure1-1.png,18,202
981,acssuschemeng.8b03156-Figure3-1.png,24,176
982,acssuschemeng.8b03156-Figure5-1.png,22,201
983,acssuschemeng.8b03841-Figure3-1.png,33,207
984,acssuschemeng.8b05147-Figure1-1.png,19,182
985,acssuschemeng.8b06031-Figure11-1.png,41,186
986,acssuschemeng.8b06031-Figure9-1.png,22,174
987,acssuschemeng.9b00868-Figure2-1.png,45,195
988,acssuschemeng.9b05308-Figure11-1.png,53,200
989,acssuschemeng.9b05308-Figure12-1.png,17,151
990,acssuschemeng.9b06480-Figure1-1.png,18,198
991,acssuschemeng.9b06480-Figure2-1.png,19,210
992,acssuschemeng.9b06480-Figure4-1.png,21,198
993,Adar2019_Article_CharacteristicsOfLiquidProduct-Figure2-1.png,26,177
994,Adar2019_Article_CharacteristicsOfLiquidProduct-Figure4-1.png,30,165
995,aic.14504-Figure9-1.png,24,199
996,aic.15537-Figure7-1.png,24,207
997,aic.15687-Figure4-1.png,27,188
998,Akia2017_Chapter_AnOverviewOfTheRecentAdvancesI-Figure12.11-1.png,20,176
999,Akia2017_Chapter_AnOverviewOfTheRecentAdvancesI-Figure12.12-1.png,17,161
1000,Akia2017_Chapter_AnOverviewOfTheRecentAdvancesI-Figure12.2-1.png,24,206
1001,Almeida2017_Article_CharacterizationAndPyrolysisOf-Figure4-1.png,18,207
1002,Alper2019_Article_HydrothermalAndSupercriticalEt-Figure1-1.png,20,163
1003,Alper2019_Article_HydrothermalAndSupercriticalEt-Figure2-1.png,20,163
1004,Alper2019_Article_HydrothermalAndSupercriticalEt-Figure3-1.png,20,131
1005,Alper2019_Article_HydrothermalAndSupercriticalEt-Figure4-1.png,20,164
1006,Alper2019_Article_HydrothermalAndSupercriticalEt-Figure5-1.png,20,164
1007,Alper2019_Article_HydrothermalAndSupercriticalEt-Figure6-1.png,20,163
1008,Alper2019_Article_HydrothermalAndSupercriticalEt-Figure7-1.png,14,187
1009,Alper2019_Article_HydrothermalAndSupercriticalEt-Figure8-1.png,14,188
1010,apj.2353-Figure1-1.png,23,191
1011,apj.2353-Figure2-1.png,23,190
1012,apj.2353-Figure3-1.png,22,191
1013,apj.2353-Figure4-1.png,24,188
1014,apj.2353-Figure5-1.png,21,191
1015,asia.201800114-Figure5-1.png,24,192
1016,bbb.1831-Figure3-1.png,39,208
1017,bbb.1831-Figure8-1.png,32,151
1018,bbb.1866-Figure5-1.png,56,205
1019,bbb.1977-Figure12-1.png,27,148
1020,Biller2017_Article_AssessmentOfAgriculturalCropsA-Figure1-1.png,19,174
1021,Biller2017_Article_AssessmentOfAgriculturalCropsA-Figure2-1.png,18,168
1022,Biller2017_Article_AssessmentOfAgriculturalCropsA-Figure4-1.png,16,170
1023,Bio oil Production from Algae via Thermochemical Catalytic Liquefaction-Figure4-1.png,27,190
1024,Buendia-Kandia2020_Article_HydrothermalConversionOfWoodOr-Figure4-1.png,36,176
1025,c1cs15124j-Figure1-1.png,10,172
1026,c1cs15124j-Figure2-1.png,43,191
1027,c2cp23910h-Figure10-1.png,27,170
1028,c2cp23910h-Figure4-1.png,26,203
1029,c2cp23910h-Figure6-1.png,27,206
1030,c2cp23910h-Figure8-1.png,26,205
1031,c2ra21594b-Figure11-1.png,19,198
1032,c3ee24241b-Figure4-1.png,42,203
1033,c3ra23453c-Figure3-1.png,26,196
1034,c3ra46607h-Figure7-1.png,26,209
1035,C4RA11662C-Figure2-1.png,20,186
1036,C4RA13329C-Figure7-1.png,25,191
1037,C4RA13359E-Figure12-1.png,23,196
1038,C4RA13359E-Figure7-1.png,62,200
1039,C5GC02953H-Figure1-1.png,30,187
1040,C5GC02953H-Figure4-1.png,26,206
1041,C5RA10503J-Figure4-1.png,19,170
1042,C5RA24760H-Figure4-1.png,26,207
1043,C5RA26459F-Figure12-1.png,22,206
1044,C5RA26459F-Figure6-1.png,24,177
1045,C6RA02868C-Figure5-1.png,23,184
1046,C6RA11376A-Figure2-1.png,27,150
1047,C6RA11376A-Figure3-1.png,29,179
1048,C6RA11376A-Figure6-1.png,26,184
1049,C6RA27824H-Figure10-1.png,54,189
1050,C6RA27824H-Figure8-1.png,56,150
1051,C6RA28747F-Figure2-1.png,29,190
1052,C6SE00065G-Figure11-1.png,35,192
1053,C6SE00065G-Figure13-1.png,35,192
1054,C7CY02541F-Figure4-1.png,50,191
1055,C7DT03318D-Figure3-1.png,48,151
1056,C7RA02335A-Figure3-1.png,59,175
1057,C7RA02335A-Figure4-1.png,56,169
1058,C7RA08311D-Figure1-1.png,21,194
1059,C7SE00090A-Figure2-1.png,18,204
1060,C7SE00090A-Figure6-1.png,22,203
1061,C8RA07090C-Figure2-1.png,52,190
1062,c8se00439k-Figure7-1.png,30,205
1063,C9GC00673G-Figure1-1.png,30,183
1064,C9GC00673G-Figure2-1.png,44,196
1065,C9GC00673G-Figure6-1.png,28,183
1066,c9ra09410e-Figure6-1.png,27,192
1067,catalysts-09-00841-Figure5-1.png,33,171
1068,ceat.201600343-Figure1-1.png,21,186
1069,ceat.201600343-Figure2-1.png,18,192
1070,ceat.201600343-Figure3-1.png,21,186
1071,ceat.201600650-Figure3-1.png,24,193
1072,ceat.201700148-Figure2-1.png,21,192
1073,ceat.201700148-Figure6-1.png,19,193
1074,Chan2016_Article_ComparativeLifeCycleAssessment-Figure2-1.png,21,139
1075,Chan2016_Article_ComparativeLifeCycleAssessment-Figure3-1.png,23,194
1076,cssc.201200146-Figure5-1.png,33,182
1077,cssc.201601258-Figure1-1.png,41,187
1078,Eboibi2019_Article_ImpactOfTimeOnYieldAndProperti-Figure5-1.png,23,188
1079,ef2004046-Figure2-1.png,13,170
1080,ef2004046-Figure3-1.png,13,176
1081,ef2004046-Figure4-1.png,17,179
1082,ef2004046-Figure5-1.png,33,179
1083,ef201415s-Figure11-1.png,24,199
1084,ef201415s-Figure6-1.png,25,192
1085,ef201417e-Figure10-1.png,10,183
1086,ef201417e-Figure3-1.png,11,195
1087,ef201417e-Figure7-1.png,31,192
1088,ef201417e-Figure9-1.png,48,175
1089,ef201966w-Figure5-1.png,32,196
1090,ef300391b-Figure1-1.png,28,206
1091,ef300391b-Figure2-1.png,20,205
1092,ef300798b-Figure1-1.png,46,195
1093,ef300798b-Figure3-1.png,19,206
1094,ef3007992-Figure2-1.png,30,204
1095,ef4001242-Figure2-1.png,36,189
1096,ef4001242-Figure3-1.png,36,193
1097,ef4001242-Figure4-1.png,19,183
1098,ef4001242-Figure5-1.png,34,190
1099,ef4004208-Figure4-1.png,36,204
1100,ef4004208-Figure5-1.png,27,204
1101,ef4009168-Figure1-1.png,22,197
1102,ef401506u-Figure3-1.png,16,179
1103,ef401506u-Figure6-1.png,32,173
1104,ef402075e-Figure6-1.png,22,198
1105,ef5001375-Figure11-1.png,23,206
1106,ef5001375-Figure2-1.png,24,175
1107,ef5001375-Figure3-1.png,24,192
1108,ef5001375-Figure4-1.png,24,190
1109,ef5001375-Figure5-1.png,24,203
1110,ef5001375-Figure9-1.png,22,179
1111,ef500267r-Figure2-1.png,17,180
1112,ef500267r-Figure6-1.png,12,184
1113,ef500267r-Figure8-1.png,53,206
1114,ef500267r-Figure9-1.png,15,180
1115,ef500641c-Figure10-1.png,22,210
1116,ef500641c-Figure5-1.png,56,183
1117,ef5012808-Figure4-1.png,21,198
1118,ef501760d-Figure3-1.png,57,203
1119,ef501760d-Figure5-1.png,22,202
1120,ef501760d-Figure6-1.png,56,199
1121,ef501760d-Figure8-1.png,57,194
1122,ef5018708-Figure5-1.png,50,187
1123,ef502574b-Figure6-1.png,48,196
1124,ef502773w-Figure2-1.png,11,207
1125,ef700497d-Figure6-1.png,29,175
1126,ef900027d-Figure5-1.png,28,191
1127,ef900379p-Figure8-1.png,28,179
1128,Effect of hydration calcination CaO on the deoxygenation of bio oil from pyrolysis of Nannochloropsis sp-Figure4-1.png,29,173
1129,energies-09-00888-Figure1-1.png,32,180
1130,energies-11-00521-v2-Figure7-1.png,43,145
1131,energies-11-00521-v2-Figure8-1.png,39,149
1132,energies-11-00564-Figure4-1.png,24,189
1133,energies-11-01693-v3-Figure5-1.png,53,183
1134,energies-12-00723-Figure5-1.png,24,196
1135,energies-12-00729-Figure2-1.png,24,165
1136,energies-12-00809-v2-Figure1-1.png,26,198
1137,energies-13-00124-v3 (1)-Figure3-1.png,49,195
1138,energies-13-00124-v3 (1)-Figure8-1.png,60,192
1139,energies-13-00124-v3-Figure3-1.png,49,195
1140,energies-13-00124-v3-Figure8-1.png,60,192
1141,ente.201900828-Figure5-1.png,26,205
1142,ep.10612-Figure2-1.png,21,184
1143,ep.11814-Figure1-1.png,17,197
1144,ep.11814-Figure2-1.png,19,199
1145,ep.11814-Figure6-1.png,20,208
1146,ep.11847-Figure1-1.png,18,196
1147,ep.12172-Figure3-1.png,15,194
1148,ep.12172-Figure4-1.png,16,195
1149,ep.12490-Figure2-1.png,20,195
1150,ep.12490-Figure4-1.png,30,182
1151,ep.12713-Figure10-1.png,22,207
1152,ep.12937-Figure11-1.png,24,199
1153,ep.12937-Figure12-1.png,30,199
1154,ep.12937-Figure13-1.png,23,181
1155,er.4843-Figure2-1.png,18,181
1156,er.4843-Figure3-1.png,21,183
1157,er.4843-Figure4-1.png,19,185
1158,er.4843-Figure5-1.png,22,181
1159,es304532c-Figure2-1.png,91,178
1160,es304532c-Figure6-1.png,101,178
1161,Fan2018_Article_HydrothermalLiquefactionOfProt-Figure5-1.png,19,196
1162,Fozer2017_Article_EvaluationOfMicroalgae-basedBi-Figure2-1.png,11,139
1163,Fozer2017_Article_EvaluationOfMicroalgae-basedBi-Figure3-1.png,10,138
1164,Fozer2017_Article_EvaluationOfMicroalgae-basedBi-Figure4-1.png,10,198
1165,Fozer2017_Article_EvaluationOfMicroalgae-basedBi-Figure5-1.png,12,181
1166,gcbb.12171-Figure2-1.png,22,195
1167,ghg.1867-Figure3-1.png,36,136
1168,ghg.1867-Figure4-1.png,28,107
1169,Guillen2018_Article_AnEco-FriendlySystemForTheProd-Figure2-1.png,30,164
1170,Guillen2018_Article_AnEco-FriendlySystemForTheProd-Figure3-1.png,32,180
1171,Hammerschmidt2015_Article_InfluenceOfTheHeatingRateAndTh-Figure3-1.png,37,167
1172,High quality fuel from food waste investigation of a stepwise process from the perspective of technology development-Figure2-1.png,29,167
1173,Hydrothermal catalytic liquefaction mechanisms of agal biomass to bio oil-Figure2-1.png,27,192
1174,Hydrothermal liquefaction of a wastewater native Chlorella sp bacteria consortium biocrude production and characterization-Figure5-1.png,39,164
1175,ie061047h-Figure3-1.png,24,171
1176,ie061047h-Figure9-1.png,25,167
1177,ie100758s-Figure2-1.png,23,165
1178,ie100758s-Figure8-1.png,25,167
1179,ie100758s-Figure9-1.png,27,161
1180,ie202385s-Figure3-1.png,32,188
1181,ie5020684-Figure2-1.png,44,208
1182,ie5020684-Figure3-1.png,44,207
1183,ie5020684-Figure4-1.png,20,204
1184,ie5020684-Figure5-1.png,42,209
1185,ie900964u-Figure6-1.png,28,198
1186,ie900964u-Figure7-1.png,0,200
1187,ie9014809-Figure20-1.png,46,192
1188,ie9014809-Figure21-1.png,45,203
1189,ie9014809-Figure22-1.png,31,207
1190,Investigation of cornstalk cellulose liquefaction in supercritical acetone by FT TR and GC MS methods-Figure6-1.png,19,192
1191,Investigation of cornstalk cellulose liquefaction in supercritical acetone by FT TR and GC MS methods-Figure7-1.png,20,192
1192,Jadhav2019_Article_UtilizationOfOilPalmFrondsForB-Figure6-1.png,22,193
1193,jctb.3933-Figure5-1.png,33,185
1194,Kumar-Pant2016_Article_BiorefinerySolidCakeWasteToBio-Figure2-1.png,60,206
1195,Life cycle analysis of low temperature hydrothermal treatment pathway to produce biodiesel from microalgae-Figure4-1.png,22,196
1196,Midgett2012_Article_AssessingFeedstocksAndCatalyst-Figure3-1.png,22,179
1197,Midgett2012_Article_AssessingFeedstocksAndCatalyst-Figure4-1.png,26,180
1198,Midgett2012_Article_AssessingFeedstocksAndCatalyst-Figure5-1.png,27,175
1199,Midgett2012_Article_AssessingFeedstocksAndCatalyst-Figure6-1.png,21,178
1200,Milledge-Harvey2018_Chapter_AnaerobicDigestionAndGasificat-Figure7.1-1.png,20,147
1201,Minarick2011_Article_ProductAndEconomicAnalysisOfDi-Figure1-1.png,20,168
1202,Minarick2011_Article_ProductAndEconomicAnalysisOfDi-Figure2-1.png,21,142
1203,Minarick2011_Article_ProductAndEconomicAnalysisOfDi-Figure3-1.png,52,155
1204,New insights into the size and timing of the Lawn Hill impact structure relationship to the Century Zn Pb deposit-Figure8-1.png,25,193
1205,Nizamuddin2019_Article_SolvothermalLiquefactionOfCorn-Figure4-1.png,23,194
1206,Onoja2019_Article_OilPalmElaeisGuineensisBiomass-Figure3-1.png,1,202
1207,Onwudili2014_Chapter_HydrothermalGasificationOfBiom-Figure10.10-1.png,20,171
1208,Onwudili2014_Chapter_HydrothermalGasificationOfBiom-Figure10.11-1.png,19,184
1209,Onwudili2014_Chapter_HydrothermalGasificationOfBiom-Figure10.8-1.png,18,187
1210,Onwudili2014_Chapter_HydrothermalGasificationOfBiom-Figure10.9-1.png,18,192
1211,Pan2019_Article_DistributionAndTransformationB-Figure3-1.png,31,192
1212,Pan2019_Article_DistributionAndTransformationB-Figure6-1.png,29,161
1213,Phenolic Antioxidant Production by Hydrothermal Liquefaction of Lignin-Figure5-1.png,31,202
1214,Phusunti2017_Article_SubcriticalWaterHydrolysisOfMi-Figure2-1.png,22,193
1215,Phusunti2017_Article_SubcriticalWaterHydrolysisOfMi-Figure3-1.png,23,190
1216,Prabhu2020_Article_IntegratedBiorefineryProcessFo-Figure2-1.png,21,165
1217,Process modeling synthesis and thermodynamic evaluation of hydrogen production from hydrothermal processing of lipid extracted algae integrated with-Figure5-1.png,24,168
1218,Pruksasri-Novalin2018_Article_AComprehensiveProcessingOfRice-Figure6-1.png,77,167
1219,Pruksasri-Novalin2018_Article_AComprehensiveProcessingOfRice-Figure9-1.png,30,165
1220,s12866-017-1144-x-Figure4-1.png,71,130
1221,s13068-018-1083-2-Figure2-1.png,36,198
1222,s13068-018-1083-2-Figure5-1.png,36,188
1223,s40643-018-0233-5-Figure3-1.png,46,99
1224,Saber2018_Article_UltrasonicPretreatmentForLow-t-Figure3-1.png,18,194
1225,Saoud2018_Chapter_NanocatalystForBiofuelProducti-Figure3-1.png,23,187
1226,sc400145w-Figure2-1.png,31,201
1227,sc400145w-Figure4-1.png,30,184
1228,sc400145w-Figure5-1.png,25,195
1229,sc4004983-Figure3-1.png,11,212
1230,sc4004983-Figure5-1.png,10,211
1231,sc500686j-Figure5-1.png,15,197
1232,Shin2019_Article_FateAndTransportOfEstrogenicCo-Figure3-1.png,21,211
1233,Singh2015_Article_HydrothermalLiquefactionOfAgri-Figure5-1.png,22,198
1234,Singh2015_Article_HydrothermalLiquefactionOfAgri-Figure6-1.png,21,199
1235,Singh2015_Article_HydrothermalLiquefactionOfAgri-Figure7-1.png,21,198
1236,Singh2015_Article_HydrothermalLiquefactionOfAgri-Figure8-1.png,21,198
1237,slct.201601903-Figure2-1.png,24,193
1238,Song2019_Article_ComprehensivePotentialEvaluati-Figure2-1.png,24,191
1239,Sudasinghe2015_Article_Temperature-DependentLipidConv-Figure1-1.png,22,189
1240,Sudasinghe2015_Article_Temperature-DependentLipidConv-Figure3-1.png,18,183
1241,Sudasinghe2015_Article_Temperature-DependentLipidConv-Figure4-1.png,19,171
1242,Sugano2008_Article_HydrothermalLiquefactionOfPlan-Figure5-1.png,17,192
1243,Sugano2009_Article_LiquefactionProcessForAHydroth-Figure8-1.png,45,172
1244,Sugano2009_Article_LiquefactionProcessForAHydroth-Figure9-1.png,46,190
1245,Tekin2016_Article_Cellulose-derivedCarbonSpheres-Figure1-1.png,14,152
1246,The Effect of Wood Vinegar on Hydrothermal Liquefaction of Cotton Stalk Under CO Atmosphere-Figure2-1.png,28,191
1247,The Effect of Wood Vinegar on Hydrothermal Liquefaction of Cotton Stalk Under CO Atmosphere-Figure3-1.png,29,208
1248,Tobacco biomass as a source of advanced biofuels-Figure1-1.png,16,207
1249,Wagner2018_Article_HydrothermalConversionOfLipid--Figure2-1.png,36,162
1250,wene.319-Figure5-1.png,22,188
1251,wene.319-Figure6-1.png,20,187
1252,Xie2019_Article_DewaterabilityEnhancementAndHe-Figure5-1.png,25,188
1253,Yu2014_Article_NutrientFlowsAndQualityOfBio-c-Figure1-1.png,23,193
