file,x,y
1-s2.0-S0016236116309875-main-Figure3-1.png,8,211
1-s2.0-S0165237015000042-main-Figure3-1.png,9,187
1-s2.0-S1743967117303239-main-Figure2-1.png,9,187
1-s2.0-S0960148119304768-main-Figure1-1.png,9,213
1-s2.0-S0896844618308416-main-Figure9-1.png,11,175
1-s2.0-S0961953414004000-main-Figure5-1.png,11,188
1-s2.0-S2211926418305988-main-Figure7-1.png,12,110
1-s2.0-S0960852417322113-main-Figure3-1.png,12,182
1-s2.0-S0196890416310159-main-Figure3-1.png,12,188
1-s2.0-S0896844616302509-main-Figure3-1.png,12,193
1-s2.0-S0016236119323397-main-Figure2-1.png,12,204
1-s2.0-S0016236118318398-main-Figure12-1.png,13,122
1-s2.0-S1364032119303570-main-Figure4-1.png,13,162
1-s2.0-S0016236119312037-main-Figure1-1.png,13,175
1-s2.0-S0960852419307308-main-Figure3-1.png,13,178
1-s2.0-S0165237015300231-main-Figure1-1.png,13,179
1-s2.0-S2211926415000521-main-Figure3-1.png,13,179
acs.est.9b00909-Figure4-1.png,13,179
1-s2.0-S2211926415300990-main-Figure5-1.png,13,180
1-s2.0-S0960852417311409-main-Figure1-1.png,13,186
1-s2.0-S2211926413000209-main-Figure6-1.png,13,190
1-s2.0-S0016236119302388-main-Figure3-1.png,13,195
1-s2.0-S0196890418307970-main-Figure3-1.png,13,195
1-s2.0-S0016236118304496-main-Figure4-1.png,13,196
1-s2.0-S0196890418307970-main-Figure5-1.png,13,197
1-s2.0-S0016236118304496-main-Figure5-1.png,13,200
1-s2.0-S0960852415005106-main-Figure3-1.png,13,200
1-s2.0-S0196890414011388-main-Figure4-1.png,13,206
1-s2.0-S0961953416302458-main-Figure5-1.png,13,209
1-s2.0-S0956053X16303658-main-Figure1-1.png,13,210
1-s2.0-S0961953415000124-main-Figure3-1.png,14,152
1-s2.0-S1364032119303570-main-Figure5-1.png,14,159
acs.energyfuels.8b00669-Figure3-1.png,14,170
1-s2.0-S0960852419307308-main-Figure4-1.png,14,179
1-s2.0-S2211926415300990-main-Figure4-1.png,14,179
1-s2.0-S2211926417306732-main-Figure3-1.png,14,189
1-s2.0-S2211926413000209-main-Figure8-1.png,14,190
1-s2.0-S0016236117315831-main-Figure6-1.png,14,193
1-s2.0-S0960852419300963-main-Figure3-1.png,14,199
1-s2.0-S1743967119305409-main-Figure4-1.png,14,199
1-s2.0-S1743967119305409-main-Figure6-1.png,14,199
1-s2.0-S0956053X17305809-main-Figure6-1.png,14,203
1-s2.0-S2211926414000502-main-Figure6-1.png,14,203
1-s2.0-S2211926417306732-main-Figure2-1.png,14,204
1-s2.0-S0956053X1500361X-main-Figure2-1.png,14,207
1-s2.0-S0306261917311261-main-Figure4-1.png,15,188
1-s2.0-S2211926413000209-main-Figure7-1.png,15,189
1-s2.0-S1364032119303570-main-Figure8-1.png,15,191
acs.energyfuels.9b00808-Figure4-1.png,15,191
1-s2.0-S0196890418307970-main-Figure12-1.png,15,196
1-s2.0-S0196890418307970-main-Figure4-1.png,15,196
1-s2.0-S1364032117311061-main-Figure2-1.png,15,198
1-s2.0-S0959652617330123-main-Figure3-1.png,15,200
1-s2.0-S0959652618327124-main-Figure3-1.png,15,201
1-s2.0-S1364032117311061-main-Figure1-1.png,15,202
1-s2.0-S1364032119307567-main-Figure3-1.png,15,202
1-s2.0-S0016236118318398-main-Figure11-1.png,15,206
1-s2.0-S0961953416302458-main-Figure4-1.png,15,209
acs.energyfuels.9b02155-Figure7-1.png,15,211
1-s2.0-S0959652619332640-main-Figure4-1.png,15,213
1-s2.0-S0734975018301800-main-Figure2-1.png,16,169
1-s2.0-S0360544219302749-main-Figure10-1.png,16,174
acssuschemeng.6b02367-Figure5-1.png,16,174
acssuschemeng.6b02367-Figure7-1.png,16,174
1-s2.0-S0306261920300702-main-Figure6-1.png,16,176
acssuschemeng.8b01368-Figure1-1.png,16,176
1-s2.0-S0960852415010871-main-Figure5-1.png,16,177
acssuschemeng.8b01368-Figure3-1.png,16,177
1-s2.0-S0960852416305533-main-Figure3-1.png,16,179
1-s2.0-S0306261917311261-main-Figure3-1.png,16,181
1-s2.0-S2211926417306732-main-Figure5-1.png,16,183
1-s2.0-S1364032119303570-main-Figure14-1.png,16,185
acsomega.8b00045-Figure2-1.png,16,185
1-s2.0-S0896844618303309-main-Figure1-1.png,16,186
acs.energyfuels.8b00669-Figure5-1.png,16,187
1-s2.0-S0196890417310452-main-Figure4-1.png,16,189
1-s2.0-S1364032119303570-main-Figure9-1.png,16,189
1-s2.0-S0926860X17303800-main-Figure1-1.png,16,190
1-s2.0-S0016236117315831-main-Figure1-1.png,16,194
1-s2.0-S0956053X17305809-main-Figure3-1.png,16,194
1-s2.0-S0960148116302476-main-Figure3-1.png,16,194
1-s2.0-S0960148119313230-main-Figure2-1.png,16,196
1-s2.0-S0896844617305715-main-Figure3-1.png,16,198
1-s2.0-S0196890418307970-main-Figure13-1.png,16,199
1-s2.0-S0896844617305715-main-Figure4-1.png,16,199
1-s2.0-S0360544217311611-main-Figure6-1.png,16,202
1-s2.0-S0956053X17305809-main-Figure5-1.png,16,203
1-s2.0-S0960852416303698-main-Figure4-1.png,16,204
1-s2.0-S0360544218308648-main-Figure4-1.png,16,205
acs.energyfuels.9b01473-Figure10-1.png,16,205
1-s2.0-S0926860X17303800-main-Figure5-1.png,16,206
1-s2.0-S0896844618300883-main-Figure1-1.png,16,207
1-s2.0-S0360544219323400-main-Figure8-1.png,16,208
1-s2.0-S0960852419300963-main-Figure4-1.png,16,208
1-s2.0-S0960852416313402-main-Figure2-1.png,16,209
1-s2.0-S0016236115011084-main-Figure5-1.png,16,213
1-s2.0-S0016236115011084-main-Figure7-1.png,16,213
1-s2.0-S0961953415301045-main-Figure1-1.png,16,215
1-s2.0-S0360544215012153-main-Figure3-1.png,16,219
1-s2.0-S0960148117311424-main-Figure6-1.png,17,125
acs.iecr.9b04335-Figure6-1.png,17,132
1-s2.0-S0959652614003035-main-Figure2-1.png,17,143
acssuschemeng.9b05308-Figure12-1.png,17,151
Akia2017_Chapter_AnOverviewOfTheRecentAdvancesI-Figure12.12-1.png,17,161
1-s2.0-S0896844618306533-main-Figure4-1.png,17,164
1-s2.0-S0960852415003181-main-Figure5-1.png,17,169
acssuschemeng.6b02367-Figure6-1.png,17,172
acssuschemeng.8b01368-Figure5-1.png,17,174
1-s2.0-S0960852418317528-main-Figure6-1.png,17,180
1-s2.0-S1364032115011247-main-Figure20-1.png,17,182
1-s2.0-S0196890416301984-main-Figure1-1.png,17,185
1-s2.0-S2211926413000209-main-Figure9-1.png,17,189
1-s2.0-S2211926418302467-main-Figure4-1.png,17,190
1-s2.0-S0306261917311261-main-Figure5-1.png,17,191
1-s2.0-S0360544219302749-main-Figure7-1.png,17,192
1-s2.0-S0896844612003270-main-Figure4-1.png,17,192
1-s2.0-S0926669019310118-main-Figure2-1.png,17,192
1-s2.0-S2211926413000209-main-Figure2-1.png,17,193
1-s2.0-S0960852415011499-main-Figure2-1.png,17,196
1-s2.0-S0960852416312482-main-Figure3-1.png,17,198
acs.energyfuels.9b01473-Figure11-1.png,17,206
1-s2.0-S0301479717303808-main-Figure2-1.png,17,208
1-s2.0-S0960852414010335-main-Figure1-1.png,17,210
1-s2.0-S037838201831275X-main-Figure5-1.png,17,212
1-s2.0-S1364032119303570-main-Figure15-1.png,17,218
acs.energyfuels.8b02374-Figure2-1.png,18,152
1-s2.0-S0896844618306533-main-Figure2-1.png,18,165
1-s2.0-S0896844618306533-main-Figure3-1.png,18,165
1-s2.0-S0960852419311149-main-Figure1-1.png,18,174
1-s2.0-S0960852417322113-main-Figure2-1.png,18,180
1-s2.0-S1364032115011247-main-Figure23-1.png,18,180
1-s2.0-S0960852414015259-main-Figure3-1.png,18,181
1-s2.0-S1364032115011247-main-Figure25-1.png,18,181
1-s2.0-S1364032115011247-main-Figure24-1.png,18,182
1-s2.0-S0960852419311149-main-Figure4-1.png,18,183
1-s2.0-S0196890417303643-main-Figure6-1.png,18,184
1-s2.0-S0360544218303803-main-Figure10-1.png,18,184
1-s2.0-S0360544215012153-main-Figure5-1.png,18,185
1-s2.0-S0360544218303803-main-Figure9-1.png,18,186
1-s2.0-S1364032115011247-main-Figure26-1.png,18,186
1-s2.0-S0016236119302388-main-Figure1-1.png,18,187
1-s2.0-S0306261917311261-main-Figure1-1.png,18,188
1-s2.0-S0306261917311261-main-Figure6-1.png,18,188
1-s2.0-S0306261919313431-main-Figure8-1.png,18,188
1-s2.0-S0960852413009231-main-Figure6-1.png,18,188
1-s2.0-S0960852417314268-main-Figure1-1.png,18,188
1-s2.0-S221471441930296X-main-Figure5-1.png,18,188
1-s2.0-S0960148119301648-main-Figure6-1.png,18,189
1-s2.0-S2211926418305988-main-Figure2-1.png,18,189
1-s2.0-S0960852416311816-main-Figure2-1.png,18,192
1-s2.0-S0016236117307615-main-Figure2-1.png,18,193
acs.energyfuels.9b00808-Figure3-1.png,18,193
1-s2.0-S0896844612003270-main-Figure3-1.png,18,194
1-s2.0-S0961953416300290-main-Figure8-1.png,18,196
1-s2.0-S1364032115005675-main-Figure9-1.png,18,196
1-s2.0-S0960148119305488-main-Figure4-1.png,18,198
1-s2.0-S0960852416308719-main-Figure2-1.png,18,198
acssuschemeng.9b06480-Figure1-1.png,18,198
1-s2.0-S0016236118303363-main-Figure5-1.png,18,199
1-s2.0-S0378382017303247-main-Figure5-1.png,18,200
1-s2.0-S0896844617305715-main-Figure2-1.png,18,200
1-s2.0-S0960852416308719-main-Figure4-1.png,18,200
1-s2.0-S0960852416314961-main-Figure3-1.png,18,200
1-s2.0-S0960852419313781-main-Figure4-1.png,18,200
1-s2.0-S1364032119303570-main-Figure6-1.png,18,200
1-s2.0-S0360544218308430-main-Figure1-1.png,18,201
1-s2.0-S0960852419313781-main-Figure3-1.png,18,202
1-s2.0-S1385894714007244-main-Figure1-1.png,18,202
acssuschemeng.8b03156-Figure1-1.png,18,202
1-s2.0-S0961953413004443-main-Figure2-1.png,18,203
1-s2.0-S0960148116311120-main-Figure4-1.png,18,204
1-s2.0-S0961953417300120-main-Figure4-1.png,18,206
1-s2.0-S2211926416308384-main-Figure7-1.png,18,207
1-s2.0-S0960852416309026-main-Figure4-1.png,18,208
1-s2.0-S0960852414015508-main-Figure2-1.png,18,210
1-s2.0-S174396711420119X-main-Figure9-1.png,18,210
1-s2.0-S0960852419313781-main-Figure1-1.png,18,211
1-s2.0-S0016236115010984-main-Figure1-1.png,18,212
1-s2.0-S0196890416310159-main-Figure5-1.png,19,151
acs.energyfuels.8b02374-Figure4-1.png,19,153
1-s2.0-S1359511317315854-main-Figure4-1.png,19,158
1-s2.0-S0956053X1830312X-main-Figure4-1.png,19,160
1-s2.0-S0956053X19306993-main-Figure2-1.png,19,162
1-s2.0-S0378382015302046-main-Figure5-1.png,19,164
1-s2.0-S2211926418309688-main-Figure6-1.png,19,166
acssuschemeng.7b00233-Figure1-1.png,19,171
1-s2.0-S0960852414011213-main-Figure1-1.png,19,173
1-s2.0-S0306261914012586-main-Figure4-1.png,19,175
1-s2.0-S0960852419311149-main-Figure2-1.png,19,176
1-s2.0-S2211926419304746-main-Figure1-1.png,19,176
1-s2.0-S0016236118318489-main-Figure2-1.png,19,177
1-s2.0-S2211926417309529-main-Figure4-1.png,19,177
1-s2.0-S0896844612002495-main-Figure1-1.png,19,179
acs.energyfuels.8b04381-Figure8-1.png,19,180
1-s2.0-S1364032115011247-main-Figure22-1.png,19,181
1-s2.0-S2211926419304746-main-Figure2-1.png,19,181
acssuschemeng.8b05147-Figure1-1.png,19,182
1-s2.0-S0360544219302749-main-Figure2-1.png,19,184
1-s2.0-S0360544219302749-main-Figure3-1.png,19,184
1-s2.0-S0360544219302749-main-Figure6-1.png,19,184
1-s2.0-S0301479714003569-main-Figure1-1.png,19,185
1-s2.0-S0959652616311921-main-Figure7-1.png,19,185
1-s2.0-S0360544219302749-main-Figure4-1.png,19,186
1-s2.0-S0360544219302749-main-Figure5-1.png,19,186
1-s2.0-S0960852419311149-main-Figure3-1.png,19,186
1-s2.0-S0961953416300290-main-Figure6-1.png,19,188
1-s2.0-S0196890417303643-main-Figure5-1.png,19,189
1-s2.0-S0378382016303514-main-Figure4-1.png,19,189
1-s2.0-S0196890417303643-main-Figure4-1.png,19,192
1-s2.0-S0360544218312568-main-Figure2-1.png,19,192
1-s2.0-S0016236117301709-main-Figure1-1.png,19,193
1-s2.0-S0360319918340709-main-Figure6-1.png,19,193
1-s2.0-S0378382016303514-main-Figure6-1.png,19,193
1-s2.0-S037838201831275X-main-Figure3-1.png,19,193
1-s2.0-S0960852416305533-main-Figure4-1.png,19,193
acs.energyfuels.6b03022-Figure2-1.png,19,193
1-s2.0-S0896844615300243-main-Figure1-1.png,19,195
1-s2.0-S1359511317315854-main-Figure2-1.png,19,195
1-s2.0-S0960852410010989-main-Figure2-1.png,19,196
acs.energyfuels.6b03022-Figure1-1.png,19,196
1-s2.0-S0926337314007346-main-Figure1-1.png,19,197
1-s2.0-S0009250916306625-main-Figure4-1.png,19,198
1-s2.0-S0301479719305298-main-Figure7-1.png,19,198
1-s2.0-S0961953419303629-main-Figure2-1.png,19,198
1-s2.0-S2211926416308384-main-Figure5-1.png,19,198
1-s2.0-S1359511317315854-main-Figure6-1.png,19,199
1-s2.0-S0360544213003800-main-Figure6-1.png,19,200
1-s2.0-S0926337314007346-main-Figure2-1.png,19,200
1-s2.0-S0961953419303629-main-Figure1-1.png,19,200
1-s2.0-S0960852414010335-main-Figure5-1.png,19,202
1-s2.0-S0960852419300963-main-Figure1-1.png,19,204
1-s2.0-S0016236118318398-main-Figure4-1.png,19,205
1-s2.0-S004896971831547X-main-Figure2-1.png,19,206
1-s2.0-S2211926414000708-main-Figure3-1.png,19,207
1-s2.0-S0360544219308230-main-Figure3-1.png,19,208
1-s2.0-S0896844612002495-main-Figure7-1.png,19,209
1-s2.0-S0960852415008433-main-Figure5-1.png,19,209
1-s2.0-S016523701400254X-main-Figure6-1.png,19,210
acsami.7b16185-Figure12-1.png,19,210
acssuschemeng.9b06480-Figure2-1.png,19,210
1-s2.0-S0960852417310520-main-Figure2-1.png,19,211
1-s2.0-S0960852417310520-main-Figure3-1.png,19,211
acs.iecr.9b02442-Figure3-1.png,19,212
1-s2.0-S0306261920300702-main-Figure14-1.png,20,151
1-s2.0-S0959652619312260-main-Figure6-1.png,20,153
1-s2.0-S0961953415000124-main-Figure4-1.png,20,157
1-s2.0-S0959652619312260-main-Figure4-1.png,20,159
1-s2.0-S1364032119303570-main-Figure11-1.png,20,170
1-s2.0-S0165237015302382-main-Figure4-1.png,20,176
1-s2.0-S0360128515000246-main-Figure6-1.png,20,176
Akia2017_Chapter_AnOverviewOfTheRecentAdvancesI-Figure12.11-1.png,20,176
1-s2.0-S0306261916313198-main-Figure8-1.png,20,179
1-s2.0-S0016236117309912-main-Figure1-1.png,20,181
1-s2.0-S1364032119306082-main-Figure12-1.png,20,181
1-s2.0-S0960852412013302-main-Figure1-1.png,20,183
1-s2.0-S0960852416305533-main-Figure2-1.png,20,184
1-s2.0-S0196890416306021-main-Figure4-1.png,20,185
1-s2.0-S0196890416306021-main-Figure3-1.png,20,186
1-s2.0-S0360544218303803-main-Figure5-1.png,20,186
1-s2.0-S0360544218303803-main-Figure13-1.png,20,187
1-s2.0-S0196890416306021-main-Figure5-1.png,20,188
1-s2.0-S0196890417303643-main-Figure2-1.png,20,189
1-s2.0-S0378382016303514-main-Figure2-1.png,20,189
1-s2.0-S2211926415000831-main-Figure1-1.png,20,189
acs.energyfuels.8b00669-Figure4-1.png,20,189
acs.energyfuels.7b01306-Figure5-1.png,20,190
1-s2.0-S0960148116302476-main-Figure2-1.png,20,191
1-s2.0-S0304389419307630-main-Figure2-1.png,20,192
1-s2.0-S0306261919305963-main-Figure3-1.png,20,192
1-s2.0-S1385894715013765-main-Figure3-1.png,20,192
1-s2.0-S0378382015302022-main-Figure6-1.png,20,193
1-s2.0-S0960852414012358-main-Figure3.3-1.png,20,193
1-s2.0-S2211926418302078-main-Figure7-1.png,20,193
1-s2.0-S0196890418307970-main-Figure6-1.png,20,194
1-s2.0-S0360544219308230-main-Figure1-1.png,20,194
1-s2.0-S0378382016300042-main-Figure2-1.png,20,194
1-s2.0-S0048357519305085-main-Figure4-1.png,20,195
1-s2.0-S0196890417301693-main-Figure2-1.png,20,196
1-s2.0-S0960852419304997-main-Figure4-1.png,20,196
1-s2.0-S0961953416300290-main-Figure7-1.png,20,196
1-s2.0-S2211926417309529-main-Figure6-1.png,20,196
1-s2.0-S0009250916306625-main-Figure6-1.png,20,197
1-s2.0-S0196890418306320-main-Figure5-1.png,20,197
1-s2.0-S036031991502683X-main-Figure3-1.png,20,197
1-s2.0-S0960852417322113-main-Figure5-1.png,20,197
1-s2.0-S1743967119305409-main-Figure8-1.png,20,197
acs.energyfuels.9b01071-Figure4-1.png,20,197
1-s2.0-S0960852412011819-main-Figure3-1.png,20,198
1-s2.0-S0960852419313781-main-Figure2-1.png,20,198
1-s2.0-S0016236118303363-main-Figure3-1.png,20,199
1-s2.0-S0016236118321835-main-Figure4-1.png,20,200
1-s2.0-S0961953419303629-main-Figure6-1.png,20,201
1-s2.0-S1385894714007244-main-Figure3-1.png,20,201
acssuschemeng.7b02854-Figure1-1.png,20,201
1-s2.0-S2211926415000521-main-Figure2-1.png,20,203
1-s2.0-S0016236118318404-main-Figure3-1.png,20,205
1-s2.0-S0360544219308230-main-Figure2-1.png,20,207
1-s2.0-S0960852415011943-main-Figure4-1.png,20,207
1-s2.0-S0957582017303786-main-Figure2-1.png,20,208
acs.energyfuels.9b01473-Figure3-1.png,20,208
1-s2.0-S0378382016303216-main-Figure6-1.png,20,209
1-s2.0-S0360544216311367-main-Figure4-1.png,20,210
1-s2.0-S0378382016307494-main-Figure11-1.png,20,211
1-s2.0-S0165237014000825-main-Figure5-1.png,20,212
1-s2.0-S0960852416311816-main-Figure4-1.png,20,212
acs.energyfuels.5b02962-Figure4-1.png,20,213
1-s2.0-S1364032115001446-main-Figure7-1.png,21,130
1-s2.0-S2211926415000831-main-Figure2-1.png,21,133
1-s2.0-S0960148117311424-main-Figure5-1.png,21,144
1-s2.0-S0960148117311424-main-Figure7-1.png,21,147
acs.energyfuels.8b04381-Figure6-1.png,21,148
1-s2.0-S0196890416310159-main-Figure4-1.png,21,150
acs.energyfuels.8b04381-Figure10-1.png,21,151
1-s2.0-S0960852413009723-main-Figure3-1.png,21,155
1-s2.0-S0956053X19305410-main-Figure2-1.png,21,159
1-s2.0-S0896844618306533-main-Figure5-1.png,21,164
1-s2.0-S0960852412005846-main-Figure2-1.png,21,167
1-s2.0-S1369703X15301224-main-Figure1-1.png,21,168
1-s2.0-S0196890416311475-main-Figure1-1.png,21,171
1-s2.0-S0960852412005846-main-Figure1-1.png,21,171
1-s2.0-S1364032119303570-main-Figure12-1.png,21,171
acs.energyfuels.8b00668-Figure3-1.png,21,171
acs.energyfuels.8b03001-Figure21-1.png,21,172
1-s2.0-S0016236117307172-main-Figure4-1.png,21,176
1-s2.0-S0960852418312859-main-Figure2-1.png,21,177
1-s2.0-S0016236117307615-main-Figure1-1.png,21,183
acsomega.8b00045-Figure3-1.png,21,183
1-s2.0-S0360544218303803-main-Figure3-1.png,21,186
1-s2.0-S0360544218303803-main-Figure6-1.png,21,186
1-s2.0-S0378382016300625-main-Figure4-1.png,21,186
1-s2.0-S0196890416306021-main-Figure7-1.png,21,187
1-s2.0-S0378382016303514-main-Figure1-1.png,21,188
1-s2.0-S0378382016303514-main-Figure5-1.png,21,190
1-s2.0-S0378382018310336-main-Figure9-1.png,21,190
1-s2.0-S1364032119303570-main-Figure7-1.png,21,190
1-s2.0-S0043135417309764-main-Figure3-1.png,21,191
1-s2.0-S0196890417303643-main-Figure3-1.png,21,191
1-s2.0-S0378382016300625-main-Figure2-1.png,21,191
1-s2.0-S0921344914000974-main-Figure2-1.png,21,191
1-s2.0-S1364032119303570-main-Figure10-1.png,21,191
1-s2.0-S0196890418306320-main-Figure4-1.png,21,192
1-s2.0-S0306261914007430-main-Figure5-1.png,21,192
1-s2.0-S0960852413004422-main-Figure2-1.png,21,192
1-s2.0-S0306261914010459-main-Figure2-1.png,21,193
1-s2.0-S0960148119301648-main-Figure2-1.png,21,193
1-s2.0-S0960852413019147-main-Figure4-1.png,21,193
1-s2.0-S2211926415301247-main-Figure2-1.png,21,193
1-s2.0-S0960852413004422-main-Figure5-1.png,21,194
1-s2.0-S0926669019304285-main-Figure7-1.png,21,195
1-s2.0-S0960852418312859-main-Figure1-1.png,21,195
acs.energyfuels.9b01501-Figure5-1.png,21,195
1-s2.0-S0016236118316387-main-Figure10-1.png,21,196
1-s2.0-S0378382010003061-main-Figure5-1.png,21,196
acs.energyfuels.7b01252-Figure1-1.png,21,196
acs.energyfuels.7b01252-Figure2-1.png,21,196
acs.energyfuels.9b00954-Figure5-1.png,21,196
1-s2.0-S0016236118316387-main-Figure8-1.png,21,197
1-s2.0-S0960852413015241-main-Figure2-1.png,21,197
1-s2.0-S0016236118316387-main-Figure6-1.png,21,198
1-s2.0-S0360544213003800-main-Figure3-1.png,21,198
1-s2.0-S0378382010003061-main-Figure4-1.png,21,198
acssuschemeng.9b06480-Figure4-1.png,21,198
1-s2.0-S0896844612002495-main-Figure2-1.png,21,199
1-s2.0-S1743967119305409-main-Figure5-1.png,21,199
acs.energyfuels.7b01252-Figure4-1.png,21,199
1-s2.0-S0306261919313431-main-Figure5-1.png,21,200
1-s2.0-S0360544219323400-main-Figure10-1.png,21,200
1-s2.0-S0896844615300917-main-Figure4-1.png,21,204
1-s2.0-S0016236119322483-main-Figure5-1.png,21,206
1-s2.0-S0360544219319917-main-Figure3-1.png,21,206
1-s2.0-S037838201530062X-main-Figure2-1.png,21,207
1-s2.0-S0960852418302967-main-Figure1-1.png,21,209
1-s2.0-S0956053X17304403-main-Figure3-1.png,21,210
1-s2.0-S0961953419303629-main-Figure4-1.png,21,210
acs.iecr.9b02442-Figure2-1.png,21,211
acssuschemeng.8b02012-Figure7-1.png,21,211
1-s2.0-S2211926417300073-main-Figure3-1.png,22,110
1-s2.0-S0961953419300704-main-Figure5-1.png,22,138
1-s2.0-S0961953420300386-main-Figure10-1.png,22,168
1-s2.0-S0896844617302437-main-Figure5-1.png,22,172
1-s2.0-S1364032119303570-main-Figure13-1.png,22,172
acssuschemeng.8b06031-Figure9-1.png,22,174
acs.energyfuels.6b02007-Figure1-1.png,22,176
1-s2.0-S0960852415008433-main-Figure3-1.png,22,177
1-s2.0-S0960148116308461-main-Figure3-1.png,22,181
1-s2.0-S1364032115001446-main-Figure4-1.png,22,185
1-s2.0-S0196890416306021-main-Figure6-1.png,22,186
acs.energyfuels.8b04381-Figure11-1.png,22,186
1-s2.0-S2211926415300734-main-Figure6-1.png,22,187
1-s2.0-S0896844615300917-main-Figure3-1.png,22,188
acs.iecr.7b03746-Figure6-1.png,22,188
1-s2.0-S0016236117307639-main-Figure9-1.png,22,189
1-s2.0-S0378382016300625-main-Figure1-1.png,22,189
1-s2.0-S0378382016300625-main-Figure3-1.png,22,190
1-s2.0-S0196890418306320-main-Figure3-1.png,22,191
1-s2.0-S0960852417309896-main-Figure4-1.png,22,191
1-s2.0-S0961953420300118-main-Figure4-1.png,22,191
1-s2.0-S0196890416301571-main-Figure7-1.png,22,192
acs.energyfuels.6b00201-Figure4-1.png,22,192
1-s2.0-S0016236116308730-main-Figure2-1.png,22,193
1-s2.0-S0960852410010989-main-Figure1-1.png,22,193
1-s2.0-S0960852414012358-main-Figure1.2-1.png,22,193
1-s2.0-S0960852414012358-main-Figure2.3-1.png,22,193
1-s2.0-S0960852414012358-main-Figure3.2-1.png,22,193
1-s2.0-S0960852414012358-main-Figure3.4-1.png,22,193
1-s2.0-S0960852418316420-main-Figure3-1.png,22,193
1-s2.0-S0016236117305367-main-Figure4-1.png,22,194
1-s2.0-S0165237019300336-main-Figure4-1.png,22,194
1-s2.0-S0960852414010724-main-Figure3-1.png,22,194
1-s2.0-S0960852414012358-main-Figure3.1-1.png,22,194
1-s2.0-S0016236116311632-main-Figure5-1.png,22,195
1-s2.0-S0016236117307895-main-Figure7-1.png,22,195
1-s2.0-S0360544218302147-main-Figure7-1.png,22,195
acs.energyfuels.8b04431-Figure5-1.png,22,195
1-s2.0-S0016236119307495-main-Figure1-1.png,22,196
1-s2.0-S0196890416301571-main-Figure12-1.png,22,196
1-s2.0-S0956053X19305410-main-Figure5-1.png,22,196
1-s2.0-S0960852412005688-main-Figure5-1.png,22,196
1-s2.0-S0960852415011499-main-Figure3-1.png,22,196
acs.energyfuels.8b04431-Figure8-1.png,22,196
1-s2.0-S0306261919313662-main-Figure1-1.png,22,197
1-s2.0-S0957582017303786-main-Figure1-1.png,22,198
1-s2.0-S036031991502683X-main-Figure2-1.png,22,199
1-s2.0-S0360544215000511-main-Figure6-1.png,22,199
1-s2.0-S0960852413015241-main-Figure1-1.png,22,199
1-s2.0-S0960852416303698-main-Figure3-1.png,22,199
1-s2.0-S0360544219318316-main-Figure8-1.png,22,200
1-s2.0-S1364032119306112-main-Figure4-1.png,22,200
acssuschemeng.8b03156-Figure5-1.png,22,201
1-s2.0-S0016236117307172-main-Figure2-1.png,22,202
1-s2.0-S0956053X19306993-main-Figure5-1.png,22,202
1-s2.0-S0960852416310264-main-Figure4-1.png,22,202
acs.energyfuels.5b02136-Figure2-1.png,22,202
1-s2.0-S0016236115009734-main-Figure5-1.png,22,204
1-s2.0-S0960852412013302-main-Figure4-1.png,22,204
1-s2.0-S1364032118301461-main-Figure18-1.png,22,204
1-s2.0-S2211926414000538-main-Figure4-1.png,22,205
acs.energyfuels.9b01071-Figure5-1.png,22,206
1-s2.0-S0045653518310191-main-Figure2-1.png,22,207
1-s2.0-S0196890417311330-main-Figure1-1.png,22,207
1-s2.0-S0896844612002495-main-Figure3-1.png,22,207
1-s2.0-S2211926414000708-main-Figure5-1.png,22,207
1-s2.0-S0016236118318398-main-Figure10-1.png,22,208
1-s2.0-S0016236119303709-main-Figure2-1.png,22,208
08813216-Figure1-1.png,22,209
1-s2.0-S0306261919313418-main-Figure12-1.png,22,209
1-s2.0-S0896844612002495-main-Figure5-1.png,22,209
1-s2.0-S0896844612002495-main-Figure6-1.png,22,209
1-s2.0-S0960148119304768-main-Figure7-1.png,22,209
acs.energyfuels.9b04093-Figure6-1.png,22,209
1-s2.0-S0896844617308306-main-Figure1-1.png,22,210
1-s2.0-S0306261920300623-main-Figure2-1.png,22,213
1-s2.0-S0960148119317331-main-Figure10-1.png,23,131
1-s2.0-S0961953419303666-main-Figure7-1.png,23,136
1-s2.0-S0961953419300704-main-Figure3-1.png,23,140
1-s2.0-S0196890416310159-main-Figure6-1.png,23,141
1-s2.0-S221192641830804X-main-Figure9-1.png,23,149
1-s2.0-S0960148119311048-main-Figure5-1.png,23,151
acs.energyfuels.8b02374-Figure7-1.png,23,152
1-s2.0-S0016236118304502-main-Figure4-1.png,23,156
1-s2.0-S2211926415000740-main-Figure1-1.png,23,166
1-s2.0-S0896844611003731-main-Figure3-1.png,23,170
acs.energyfuels.8b04381-Figure4-1.png,23,173
1-s2.0-S2211926419303704-main-Figure6-1.png,23,177
1-s2.0-S0961953418303179-main-Figure3-1.png,23,180
acs.iecr.9b03497-Figure1-1.png,23,182
1-s2.0-S2211926418307756-main-Figure8-1.png,23,184
1-s2.0-S1743967119300480-main-Figure1-1.png,23,186
1-s2.0-S2211926413000532-main-Figure8-1.png,23,186
1-s2.0-S0016236119305137-main-Figure1-1.png,23,188
1-s2.0-S0960852413003234-main-Figure2-1.png,23,188
1-s2.0-S0960852414005641-main-Figure3-1.png,23,188
3-s2.0-B9780128112908000116-main-Figure11.11-1.png,23,189
1-s2.0-S0196890416301571-main-Figure6-1.png,23,190
1-s2.0-S2213343718306250-main-Figure2-1.png,23,190
1-s2.0-S0016236119321593-main-Figure8-1.png,23,191
1-s2.0-S0306261914010459-main-Figure1-1.png,23,191
1-s2.0-S0960852418306631-main-Figure2-1.png,23,191
1-s2.0-S0960852419317328-main-Figure1-1.png,23,191
1-s2.0-S0378382014004524-main-Figure1-1.png,23,192
1-s2.0-S0960852417317844-main-Figure1-1.png,23,192
1-s2.0-S1364032119304101-main-Figure1-1.png,23,192
1-s2.0-S2211926416308384-main-Figure6-1.png,23,192
1-s2.0-S0016236114008667-main-Figure2-1.png,23,193
1-s2.0-S0960852414012358-main-Figure1.3-1.png,23,193
1-s2.0-S0960852414012358-main-Figure2.2-1.png,23,193
1-s2.0-S0960852414012358-main-Figure2.4-1.png,23,193
1-s2.0-S0960852419313276-main-Figure5-1.png,23,193
1-s2.0-S0301479717312598-main-Figure1-1.png,23,194
1-s2.0-S0378382018325591-main-Figure3-1.png,23,194
1-s2.0-S0960852414012358-main-Figure1.4-1.png,23,194
1-s2.0-S0960852414012358-main-Figure2.1-1.png,23,194
1-s2.0-S0960852415005106-main-Figure2-1.png,23,194
acs.iecr.8b03725-Figure1-1.png,23,194
1-s2.0-S0016236118318489-main-Figure7-1.png,23,195
1-s2.0-S0960852418306631-main-Figure3-1.png,23,195
1-s2.0-S0016236115011345-main-Figure2-1.png,23,196
1-s2.0-S0360544217312136-main-Figure3-1.png,23,196
1-s2.0-S0960852415000115-main-Figure3-1.png,23,196
1-s2.0-S0960852416308719-main-Figure3-1.png,23,197
1-s2.0-S0960852418306631-main-Figure1-1.png,23,198
1-s2.0-S0960852416314961-main-Figure5-1.png,23,199
1-s2.0-S2211926416301448-main-Figure2-1.png,23,199
1-s2.0-S1381116915301217-main-Figure11-1.png,23,203
1-s2.0-S1743967117303239-main-Figure7-1.png,23,203
1-s2.0-S2211926414000502-main-Figure4-1.png,23,203
acs.iecr.8b05366-Figure9-1.png,23,203
1-s2.0-S004896971830593X-main-Figure10-1.png,23,204
1-s2.0-S0378382017319185-main-Figure6-1.png,23,204
1-s2.0-S0956053X19305410-main-Figure3-1.png,23,204
1-s2.0-S0960852417312452-main-Figure5-1.png,23,204
1-s2.0-S0360319908007398-main-Figure1-1.png,23,207
1-s2.0-S0960852417320539-main-Figure2-1.png,23,207
1-s2.0-S2211926414000708-main-Figure6-1.png,23,207
1-s2.0-S0045653517315187-main-Figure3-1.png,23,209
1-s2.0-S0956053X18304677-main-Figure2-1.png,23,209
1-s2.0-S0196890417311330-main-Figure3-1.png,23,210
1-s2.0-S0254058415000796-main-Figure7-1.png,23,210
1-s2.0-S0961953419300704-main-Figure4-1.png,24,134
1-s2.0-S0360544214013401-main-Figure2-1.png,24,170
1-s2.0-S0961953420300386-main-Figure11-1.png,24,171
1-s2.0-S0961953420300386-main-Figure12-1.png,24,171
1-s2.0-S2211926419303704-main-Figure5-1.png,24,171
1-s2.0-S016523701500090X-main-Figure6-1.png,24,173
1-s2.0-S0960852414006816-main-Figure1-1.png,24,176
1-s2.0-S0961953420300386-main-Figure6-1.png,24,176
acssuschemeng.8b03156-Figure3-1.png,24,176
1-s2.0-S0378382013001008-main-Figure2-1.png,24,178
1-s2.0-S0960852417309896-main-Figure2-1.png,24,178
1-s2.0-S0961953418303179-main-Figure1-1.png,24,178
1-s2.0-S0360544216318205-main-Figure6-1.png,24,180
1-s2.0-S0960852416314286-main-Figure1-1.png,24,182
1-s2.0-S0960852418307983-main-Figure2-1.png,24,185
1-s2.0-S0360544219303020-main-Figure4-1.png,24,186
1-s2.0-S2211926414000502-main-Figure5-1.png,24,187
1-s2.0-S0016236120302337-main-Figure7-1.png,24,188
1-s2.0-S2211926415301053-main-Figure4-1.png,24,188
acs.energyfuels.6b00904-Figure3-1.png,24,188
acs.iecr.7b03746-Figure10-1.png,24,188
1-s2.0-S0196890417310634-main-Figure3-1.png,24,189
1-s2.0-S0956053X18303404-main-Figure2-1.png,24,189
acs.energyfuels.5b02136-Figure5-1.png,24,190
acs.iecr.7b03746-Figure9-1.png,24,190
acssuschemeng.7b02226-Figure8-1.png,24,190
1-s2.0-S0016236115009734-main-Figure4-1.png,24,191
1-s2.0-S0016236119308063-main-Figure4-1.png,24,191
1-s2.0-S0956053X18303404-main-Figure7-1.png,24,191
1-s2.0-S0960852412000533-main-Figure6-1.png,24,191
1-s2.0-S0960852416310264-main-Figure2-1.png,24,191
1-s2.0-S0016236119305137-main-Figure3-1.png,24,192
1-s2.0-S014139101630026X-main-Figure2-1.png,24,192
1-s2.0-S0196890416301571-main-Figure5-1.png,24,192
acs.energyfuels.9b01071-Figure8-1.png,24,192
1-s2.0-S0360544218302147-main-Figure6-1.png,24,193
1-s2.0-S0378382016300042-main-Figure6-1.png,24,193
1-s2.0-S0926669019310118-main-Figure3-1.png,24,193
1-s2.0-S0960852411018074-main-Figure6-1.png,24,193
acs.energyfuels.6b01103-Figure11-1.png,24,193
1-s2.0-S0896844617303054-main-Figure4-1.png,24,194
1-s2.0-S0961953414005315-main-Figure2-1.png,24,194
acs.energyfuels.8b04431-Figure4-1.png,24,194
1-s2.0-S0961953412003789-main-Figure10-1.png,24,195
1-s2.0-S0378382018310336-main-Figure10-1.png,24,196
1-s2.0-S1743967119305409-main-Figure2-1.png,24,198
1-s2.0-S1743967119305409-main-Figure3-1.png,24,198
1-s2.0-S016523701300123X-main-Figure4-1.png,24,199
1-s2.0-S0360544215004429-main-Figure8-1.png,24,199
1-s2.0-S0378382018318666-main-Figure7-1.png,24,199
1-s2.0-S0960852412000144-main-Figure3-1.png,24,199
acs.energyfuels.7b01825-Figure2-1.png,24,199
aic.14504-Figure9-1.png,24,199
1-s2.0-S0960852413016131-main-Figure1-1.png,24,200
1-s2.0-S0016236112010988-main-Figure4-1.png,24,201
1-s2.0-S0360319908007398-main-Figure2-1.png,24,201
1-s2.0-S0360319908007398-main-Figure3-1.png,24,201
1-s2.0-S2211926414000502-main-Figure3-1.png,24,202
1-s2.0-S0016236118318398-main-Figure9-1.png,24,204
1-s2.0-S0306261913003887-main-Figure3-1.png,24,207
acs.energyfuels.7b03144-Figure6-1.png,24,207
aic.15537-Figure7-1.png,24,207
1-s2.0-S0960852416309026-main-Figure2-1.png,24,208
1-s2.0-S1364032118301461-main-Figure9-1.png,24,208
acs.energyfuels.9b04093-Figure2-1.png,24,208
1-s2.0-S0045653517315187-main-Figure4-1.png,24,209
1-s2.0-S016523701400254X-main-Figure3-1.png,24,209
1-s2.0-S0360544219319917-main-Figure4-1.png,24,209
1-s2.0-S0926337311003766-main-Figure2-1.png,24,209
1-s2.0-S0961953419303629-main-Figure8-1.png,24,209
acs.energyfuels.9b04093-Figure1-1.png,24,209
1-s2.0-S0048969718311148-main-Figure2-1.png,24,210
1-s2.0-S0960852417316553-main-Figure1-1.png,24,210
3-s2.0-B9780128112908000116-main-Figure11.13-1.png,24,210
1-s2.0-S0306261920300623-main-Figure4-1.png,24,211
1-s2.0-S0960852416303698-main-Figure2-1.png,24,212
1-s2.0-S0960852415010391-main-Figure5-1.png,25,115
1-s2.0-S0959652614003035-main-Figure3-1.png,25,144
1-s2.0-S0960852419307308-main-Figure1-1.png,25,164
1-s2.0-S0016236117301709-main-Figure5-1.png,25,172
1-s2.0-S0961953417303495-main-Figure7-1.png,25,178
1-s2.0-S0961953417303501-main-Figure4-1.png,25,180
acs.iecr.9b03497-Figure3-1.png,25,180
1-s2.0-S0960852419313276-main-Figure6-1.png,25,181
1-s2.0-S0961953417300399-main-Figure3-1.png,25,181
1-s2.0-S0960852416310264-main-Figure5-1.png,25,182
1-s2.0-S0360544219303020-main-Figure5-1.png,25,184
1-s2.0-S0378382015001563-main-Figure6-1.png,25,184
acs.iecr.7b00327-Figure7-1.png,25,184
1-s2.0-S0896844616300651-main-Figure11-1.png,25,189
1-s2.0-S0306261914004310-main-Figure5-1.png,25,190
1-s2.0-S0016236119321593-main-Figure5-1.png,25,191
1-s2.0-S0959652619315331-main-Figure4-1.png,25,191
1-s2.0-S0960148116302476-main-Figure4-1.png,25,191
1-s2.0-S0960852419306157-main-Figure3-1.png,25,191
1-s2.0-S2211926417304605-main-Figure2-1.png,25,191
1-s2.0-S0196890417310634-main-Figure4-1.png,25,192
1-s2.0-S0956053X18303404-main-Figure3-1.png,25,192
1-s2.0-S0960852416310264-main-Figure3-1.png,25,192
1-s2.0-S0016236119321593-main-Figure10-1.png,25,193
1-s2.0-S014139101630026X-main-Figure3-1.png,25,193
1-s2.0-S0255270117305664-main-Figure7-1.png,25,193
1-s2.0-S0360319919332008-main-Figure5-1.png,25,193
1-s2.0-S0960852414012358-main-Figure1.1-1.png,25,193
1-s2.0-S0961953412003789-main-Figure8-1.png,25,193
1-s2.0-S0378382016300042-main-Figure5-1.png,25,194
1-s2.0-S0960308519306224-main-Figure5-1.png,25,194
acs.energyfuels.6b00281-Figure5-1.png,25,194
1-s2.0-S0009250913008336-main-Figure10-1.png,25,195
1-s2.0-S0009250913008336-main-Figure9-1.png,25,195
1-s2.0-S0896844616300651-main-Figure10-1.png,25,195
1-s2.0-S0009250913008336-main-Figure11-1.png,25,196
1-s2.0-S0016236118317782-main-Figure4-1.png,25,196
1-s2.0-S0196890418306320-main-Figure2-1.png,25,196
1-s2.0-S0960852412005688-main-Figure1-1.png,25,196
1-s2.0-S0961953412003789-main-Figure12-1.png,25,197
1-s2.0-S0961953412003789-main-Figure13-1.png,25,197
1-s2.0-S0360319917300198-main-Figure2-1.png,25,200
1-s2.0-S2211926414000502-main-Figure7-1.png,25,200
1-s2.0-S2211926417300073-main-Figure5-1.png,25,201
1-s2.0-S0960852414006075-main-Figure1-1.png,25,202
1-s2.0-S004313541930973X-main-Figure8-1.png,25,204
1-s2.0-S0048969718311148-main-Figure6-1.png,25,205
1-s2.0-S037838201530062X-main-Figure1-1.png,25,205
1-s2.0-S0378382018310336-main-Figure5-1.png,25,205
1-s2.0-S2211926417304605-main-Figure6-1.png,25,205
1-s2.0-S0016236118318027-main-Figure5-1.png,25,206
1-s2.0-S0196890416301571-main-Figure11-1.png,25,206
1-s2.0-S0378382015301028-main-Figure5-1.png,25,206
1-s2.0-S0306261919308104-main-Figure9-1.png,25,207
acs.energyfuels.9b04093-Figure4-1.png,25,209
1-s2.0-S0016236114004244-main-Figure3-1.png,25,211
1-s2.0-S0016236114008667-main-Figure3-1.png,26,132
acs.energyfuels.6b00904-Figure2-1.png,26,136
1-s2.0-S221192641830804X-main-Figure7-1.png,26,151
acs.energyfuels.8b02374-Figure10-1.png,26,152
acs.energyfuels.6b00201-Figure9-1.png,26,156
Adar2019_Article_CharacteristicsOfLiquidProduct-Figure2-1.png,26,177
1-s2.0-S0926337312002019-main-Figure3-1.png,26,180
1-s2.0-S0960852414011134-main-Figure3-1.png,26,180
1-s2.0-S0032591007000903-main-Figure18-1.png,26,181
acs.energyfuels.6b01229-Figure3-1.png,26,182
1-s2.0-S0961953418301764-main-Figure3-1.png,26,183
1-s2.0-S0196890417310634-main-Figure2-1.png,26,185
1-s2.0-S0957582017301969-main-Figure3-1.png,26,185
acssuschemeng.7b00226-Figure6-1.png,26,185
1-s2.0-S016523701630568X-main-Figure3-1.png,26,187
acs.energyfuels.6b00904-Figure5-1.png,26,188
acs.energyfuels.9b03729-Figure2-1.png,26,188
1-s2.0-S0360544219302865-main-Figure5-1.png,26,189
1-s2.0-S0960852414005641-main-Figure4-1.png,26,189
1-s2.0-S0960852419305103-main-Figure5-1.png,26,191
1-s2.0-S0896844616301450-main-Figure12-1.png,26,192
1-s2.0-S0896844617303054-main-Figure5-1.png,26,192
1-s2.0-S016523701500090X-main-Figure1-1.png,26,193
1-s2.0-S2211926418305988-main-Figure6-1.png,26,193
acs.energyfuels.6b01103-Figure9-1.png,26,193
acs.energyfuels.9b02155-Figure4-1.png,26,194
1-s2.0-S0009250913008336-main-Figure2-1.png,26,196
1-s2.0-S0926669017305915-main-Figure1-1.png,26,197
1-s2.0-S0960852419305103-main-Figure1-1.png,26,197
1-s2.0-S0960852419305103-main-Figure3-1.png,26,198
acs.energyfuels.7b01252-Figure6-1.png,26,198
1-s2.0-S0926337314007346-main-Figure3-1.png,26,200
1-s2.0-S0196890415002939-main-Figure7-1.png,26,203
1-s2.0-S0960852416313360-main-Figure3-1.png,26,203
acs.energyfuels.6b03039-Figure2-1.png,26,203
1-s2.0-S0960852418317085-main-Figure5-1.png,26,207
1-s2.0-S0378382017309931-main-Figure6-1.png,26,208
1-s2.0-S1385894718326238-main-Figure17-1.png,26,208
1-s2.0-S0961953417303495-main-Figure6-1.png,27,126
1-s2.0-S0961953419300704-main-Figure2-1.png,27,155
1-s2.0-S0959652619316634-main-Figure4-1.png,27,166
1-s2.0-S0926337312002019-main-Figure4-1.png,27,175
1-s2.0-S0960852417300603-main-Figure2-1.png,27,175
1-s2.0-S0959652619327118-main-Figure5-1.png,27,176
1-s2.0-S0306261920300702-main-Figure7-1.png,27,186
1-s2.0-S0016236116302447-main-Figure1-1.png,27,187
1-s2.0-S0016236119319829-main-Figure2-1.png,27,187
1-s2.0-S0961953416300721-main-Figure6-1.png,27,187
1-s2.0-S0961953420300386-main-Figure3-1.png,27,188
aic.15687-Figure4-1.png,27,188
1-s2.0-S0196890417312049-main-Figure4-1.png,27,189
1-s2.0-S0960852414011134-main-Figure6-1.png,27,189
1-s2.0-S0016236116302447-main-Figure2-1.png,27,190
1-s2.0-S0196890417312049-main-Figure2-1.png,27,190
1-s2.0-S0306261916300745-main-Figure9-1.png,27,192
1-s2.0-S0960852416310264-main-Figure1-1.png,27,192
1-s2.0-S096195341400141X-main-Figure3-1.png,27,192
1-s2.0-S0016236116304227-main-Figure6-1.png,27,195
1-s2.0-S0196890418309257-main-Figure2-1.png,27,195
1-s2.0-S0306261914012677-main-Figure4-1.png,27,196
1-s2.0-S0378382011003262-main-Figure7-1.png,27,196
1-s2.0-S0009250913008336-main-Figure3-1.png,27,197
1-s2.0-S0360544219320031-main-Figure8-1.png,27,197
acs.iecr.8b03725-Figure6-1.png,27,202
1-s2.0-S0378382017309931-main-Figure7-1.png,27,206
1-s2.0-S2211926416308062-main-Figure2-1.png,27,206
acssuschemeng.7b02052-Figure8-1.png,27,206
1-s2.0-S0920586119305371-main-Figure11-1.png,27,207
1-s2.0-S0378382016303216-main-Figure7-1.png,27,208
1-s2.0-S0016236116302447-main-Figure3-1.png,27,209
1-s2.0-S0960148119317331-main-Figure3-1.png,27,209
1-s2.0-S0960148116302476-main-Figure5-1.png,27,211
1-s2.0-S0009250914000463-main-Figure1-1.png,27,218
1-s2.0-S0961953414005248-main (1)-Figure3-1.png,27,219
1-s2.0-S0961953414005248-main-Figure3-1.png,27,219
1-s2.0-S0960852417300494-main-Figure4-1.png,28,158
1-s2.0-S2211926416302661-main-Figure5-1.png,28,162
1-s2.0-S0896844616302923-main-Figure8-1.png,28,167
acs.energyfuels.8b03001-Figure20-1.png,28,168
acs.iecr.6b04111-Figure10-1.png,28,172
1-s2.0-S0961953419300297-main-Figure6-1.png,28,174
1-s2.0-S0360544216301062-main-Figure3-1.png,28,177
acs.energyfuels.8b04381-Figure5-1.png,28,177
1-s2.0-S0165237018302754-main-Figure4-1.png,28,178
1-s2.0-S0306261916313198-main-Figure7-1.png,28,179
1-s2.0-S0960852417311963-main-Figure2-1.png,28,182
1-s2.0-S0896844614003222-main-Figure4-1.png,28,184
1-s2.0-S0926669016300905-main-Figure5-1.png,28,190
1-s2.0-S0360319919332008-main-Figure8-1.png,28,192
acs.energyfuels.6b00201-Figure5-1.png,28,192
1-s2.0-S0896844616300651-main-Figure9-1.png,28,193
1-s2.0-S0960852410013659-main-Figure6-1.png,28,193
1-s2.0-S0961953412003789-main-Figure11-1.png,28,194
1-s2.0-S1364032118301461-main-Figure19-1.png,28,195
1-s2.0-S0009250913008336-main-Figure8-1.png,28,196
1-s2.0-S016523701630568X-main-Figure2-1.png,28,197
1-s2.0-S0360319917319535-main-Figure2-1.png,28,198
1-s2.0-S0016236115011084-main-Figure6-1.png,28,200
1-s2.0-S0926337314007346-main-Figure5-1.png,28,200
1-s2.0-S0956053X16303658-main-Figure2-1.png,28,202
1-s2.0-S0961953412005284-main-Figure1-1.png,28,205
1-s2.0-S0961953412005284-main-Figure2-1.png,28,205
1-s2.0-S1743967119305409-main-Figure7-1.png,28,207
1-s2.0-S0016236119321593-main-Figure12-1.png,28,209
acs.energyfuels.8b02374-Figure8-1.png,29,150
1-s2.0-S0360544216301062-main-Figure6-1.png,29,165
1-s2.0-S0360544216301062-main-Figure7-1.png,29,165
1-s2.0-S0360544216301062-main-Figure8-1.png,29,165
1-s2.0-S0360544216301062-main-Figure5-1.png,29,166
1-s2.0-S2211926413000520-main-Figure1-1.png,29,170
1-s2.0-S0960852417300937-main-Figure1-1.png,29,173
1-s2.0-S0960852412015222-main-Figure4-1.png,29,175
1-s2.0-S0960852414011134-main-Figure4-1.png,29,176
1-s2.0-S0360544216301062-main-Figure4-1.png,29,177
1-s2.0-S0960852416314055-main-Figure3-1.png,29,177
1-s2.0-S0360544218314944-main-Figure3-1.png,29,179
1-s2.0-S0960852416314055-main-Figure2-1.png,29,179
acs.energyfuels.5b00321-Figure1-1.png,29,180
acs.iecr.9b03497-Figure2-1.png,29,180
1-s2.0-S0960852417300603-main-Figure1-1.png,29,181
1-s2.0-S0360544219320031-main-Figure6-1.png,29,186
1-s2.0-S0196890417310634-main-Figure8-1.png,29,187
1-s2.0-S0360319919332008-main-Figure4-1.png,29,187
1-s2.0-S0960852417316413-main-Figure1-1.png,29,188
1-s2.0-S0961953416300721-main-Figure7-1.png,29,188
1-s2.0-S0196890417310452-main-Figure6-1.png,29,189
1-s2.0-S0306261916000167-main-Figure3-1.png,29,189
1-s2.0-S0956053X17307638-main-Figure8-1.png,29,189
1-s2.0-S0360544218302147-main-Figure4-1.png,29,190
1-s2.0-S0926337316301667-main-Figure7-1.png,29,190
1-s2.0-S0896844616302923-main-Figure5-1.png,29,193
1-s2.0-S036054421730508X-main-Figure3-1.png,29,195
1-s2.0-S0896844611001549-main-Figure1-1.png,29,197
1-s2.0-S0926337314007346-main-Figure7-1.png,29,199
1-s2.0-S0926337314007346-main-Figure6-1.png,29,200
acs.energyfuels.5b00321-Figure2-1.png,29,202
1-s2.0-S0960852416301833-main-Figure2-1.png,29,203
1-s2.0-S0960852416301833-main-Figure3-1.png,29,204
1-s2.0-S0960852416309129-main-Figure1-1.png,29,206
1-s2.0-S0960852419306157-main-Figure4-1.png,30,110
1-s2.0-S0960852417316413-main-Figure3-1.png,30,161
Adar2019_Article_CharacteristicsOfLiquidProduct-Figure4-1.png,30,165
1-s2.0-S0306261914013221-main-Figure1-1.png,30,170
1-s2.0-S0016236114000477-main-Figure5-1.png,30,176
1-s2.0-S0016236114000477-main-Figure8-1.png,30,176
1-s2.0-S2211926419303704-main-Figure4-1.png,30,182
1-s2.0-S0960852417309896-main-Figure3-1.png,30,185
1-s2.0-S096195341400141X-main-Figure7-1.png,30,186
1-s2.0-S0961953416300721-main-Figure5-1.png,30,186
1-s2.0-S0306261914002840-main-Figure3-1.png,30,187
1-s2.0-S0960852417309896-main-Figure1-1.png,30,187
acs.iecr.8b03725-Figure4-1.png,30,189
1-s2.0-S0956053X17307638-main-Figure7-1.png,30,191
1-s2.0-S0961953415000094-main-Figure1-1.png,30,191
1-s2.0-S0896844619307077-main-Figure2-1.png,30,192
1-s2.0-S2211926415300862-main-Figure4-1.png,30,192
1-s2.0-S2211926416308062-main-Figure6-1.png,30,193
1-s2.0-S2211926415300862-main-Figure6-1.png,30,195
1-s2.0-S0016236118318489-main-Figure5-1.png,30,196
acssuschemeng.5b01645-Figure3-1.png,30,196
1-s2.0-S0016236118318489-main-Figure3-1.png,30,197
1-s2.0-S1364032114010399-main-Figure2-1.png,30,197
1-s2.0-S0016236117307172-main-Figure3-1.png,30,200
1-s2.0-S0378382017319185-main-Figure5-1.png,30,201
1-s2.0-S0378382016307494-main-Figure12-1.png,30,204
1-s2.0-S0961953412005284-main-Figure4-1.png,30,205
acs.energyfuels.7b01057-Figure7-1.png,30,207
acs.energyfuels.7b01057-Figure8-1.png,30,207
1-s2.0-S2211926412000057-main-Figure2-1.png,31,130
1-s2.0-S0360544218314944-main-Figure1-1.png,31,166
1-s2.0-S0306261914013221-main-Figure2-1.png,31,170
1-s2.0-S0961953419300297-main-Figure4-1.png,31,178
1-s2.0-S016523701400254X-main-Figure7-1.png,31,183
acs.energyfuels.8b00589-Figure2-1.png,31,185
1-s2.0-S2211926418311317-main-Figure1-1.png,31,186
1-s2.0-S0360544219302865-main-Figure3-1.png,31,187
1-s2.0-S0378382016303514-main-Figure3-1.png,31,188
acssuschemeng.7b03328-Figure2-1.png,31,189
1-s2.0-S0016236119321593-main-Figure9-1.png,31,190
1-s2.0-S0196890417312049-main-Figure6-1.png,31,190
1-s2.0-S0360544218306649-main-Figure4-1.png,31,190
1-s2.0-S0360544219302865-main-Figure4-1.png,31,190
1-s2.0-S0301479719305298-main-Figure5-1.png,31,193
1-s2.0-S0961953412003789-main-Figure9-1.png,31,193
acssuschemeng.8b02012-Figure1-1.png,31,194
1-s2.0-S0960852415010391-main-Figure4-1.png,31,196
1-s2.0-S0926337314007346-main-Figure8-1.png,31,199
1-s2.0-S0016236114008850-main-Figure4-1.png,31,208
1-s2.0-S0960852416300918-main-Figure1-1.png,32,152
1-s2.0-S0896844616300651-main-Figure7-1.png,32,160
1-s2.0-S0960852416000298-main-Figure2-1.png,32,173
acs.energyfuels.6b02115-Figure1-1.png,32,178
1-s2.0-S2211926416301989-main-Figure4-1.png,32,179
acs.iecr.9b03497-Figure4-1.png,32,180
1-s2.0-S0360544217311611-main-Figure8-1.png,32,186
1-s2.0-S2211926419303704-main-Figure2-1.png,32,186
1-s2.0-S0360319919332008-main-Figure7-1.png,32,189
1-s2.0-S0961953419303666-main-Figure9-1.png,32,191
1-s2.0-S016523701530187X-main-Figure2-1.png,32,192
1-s2.0-S0961953412003789-main-Figure6-1.png,32,192
1-s2.0-S0960852416314651-main-Figure1-1.png,32,194
1-s2.0-S0301479719305298-main-Figure8-1.png,32,196
3-s2.0-B9780128112908000116-main-Figure11.10-1.png,32,201
1-s2.0-S0960852415010391-main-Figure2-1.png,32,203
1-s2.0-S004313541930973X-main-Figure2-1.png,32,205
1-s2.0-S0961953412005284-main-Figure7-1.png,32,205
acs.iecr.9b03497-Figure6-1.png,32,206
acs.iecr.9b03497-Figure5-1.png,32,207
1-s2.0-S0961953420300192-main-Figure3-1.png,33,129
1-s2.0-S1364032119306112-main-Figure6-1.png,33,151
1-s2.0-S0920586118306837-main-Figure4-1.png,33,183
1-s2.0-S0360544219320031-main-Figure10-1.png,33,185
1-s2.0-S1359511316308285-main-Figure1-1.png,33,185
1-s2.0-S2211926418311317-main-Figure6-1.png,33,186
1-s2.0-S1364032114010442-main-Figure2-1.png,33,193
1-s2.0-S0360319919332008-main-Figure6-1.png,33,195
acssuschemeng.6b00226-Figure2-1.png,33,195
1-s2.0-S0016236118318489-main-Figure4-1.png,33,198
1-s2.0-S0360544218309411-main-Figure4-1.png,33,200
1-s2.0-S0960852417308544-main-Figure2-1.png,33,202
acs.iecr.8b03725-Figure2-1.png,33,204
acssuschemeng.8b03841-Figure3-1.png,33,207
1-s2.0-S0360319915019151-main-Figure7-1.png,34,178
1-s2.0-S0360319915019151-main-Figure8-1.png,34,178
1-s2.0-S0360544217311611-main-Figure5-1.png,34,182
1-s2.0-S1364032115005675-main-Figure4-1.png,34,189
1-s2.0-S0960852417318771-main-Figure2-1.png,34,192
1-s2.0-S0196890416310445-main-Figure10-1.png,34,193
1-s2.0-S0960148119317331-main-Figure12-1.png,34,194
1-s2.0-S0959652619332640-main-Figure3-1.png,34,197
1-s2.0-S0304389409001162-main-Figure1-1.png,34,203
1-s2.0-S0043135407007002-main-Figure6-1.png,35,173
1-s2.0-S0920586118306837-main-Figure1-1.png,35,178
1-s2.0-S0360544218319558-main-Figure8-1.png,35,180
1-s2.0-S0378382015302046-main-Figure6-1.png,35,180
acs.energyfuels.6b00904-Figure4-1.png,35,187
acs.energyfuels.6b01103-Figure8-1.png,35,195
1-s2.0-S0961953416300721-main-Figure3-1.png,35,201
1-s2.0-S0016236119323397-main-Figure1-1.png,35,203
acs.iecr.6b03414-Figure7-1.png,35,203
acs.iecr.8b04378-Figure2-1.png,35,209
1-s2.0-S0960148118315787-main-Figure10-1.png,36,169
1-s2.0-S2211926416301989-main-Figure5-1.png,36,183
1-s2.0-S221192641830804X-main-Figure5-1.png,36,183
acs.energyfuels.6b01229-Figure4-1.png,36,188
acs.energyfuels.6b00096-Figure2-1.png,36,193
1-s2.0-S0378382017309931-main-Figure5-1.png,36,195
1-s2.0-S0196890416309396-main-Figure4-1.png,36,203
acssuschemeng.8b01368-Figure8-1.png,36,204
1-s2.0-S0960852417300020-main-Figure4-1.png,36,206
1-s2.0-S0960852412013302-main-Figure3-1.png,37,148
1-s2.0-S221192641830804X-main-Figure4-1.png,37,159
1-s2.0-S0896844616300651-main-Figure2-1.png,37,176
1-s2.0-S0360544218319558-main-Figure11-1.png,37,177
1-s2.0-S2211926416301989-main-Figure6-1.png,37,188
1-s2.0-S2211926416302661-main-Figure6-1.png,37,191
1-s2.0-S0896844617309117-main-Figure5-1.png,37,192
1-s2.0-S0961953416300721-main-Figure4-1.png,37,199
1-s2.0-S0360544218319558-main-Figure12-1.png,38,180
1-s2.0-S0920586118306837-main-Figure5-1.png,38,181
1-s2.0-S2211926418311317-main-Figure2-1.png,38,183
1-s2.0-S2211926416301989-main-Figure3-1.png,38,187
acs.iecr.6b04111-Figure13-1.png,39,191
acsomega.8b03600-Figure2-1.png,39,191
1-s2.0-S0960308519300203-main-Figure2-1.png,39,199
1-s2.0-S0360544218319558-main-Figure10-1.png,40,174
acs.iecr.6b04111-Figure3-1.png,40,185
acsomega.8b03600-Figure1-1.png,40,190
acs.energyfuels.9b01846-Figure6-1.png,40,194
acs.energyfuels.8b02374-Figure3-1.png,41,155
1-s2.0-S0896844614003222-main-Figure8-1.png,41,180
1-s2.0-S0016236111006739-main-Figure2-1.png,41,186
acssuschemeng.8b06031-Figure11-1.png,41,186
acs.energyfuels.6b03039-Figure6-1.png,41,193
1-s2.0-S0032591007000903-main-Figure15-1.png,41,201
1-s2.0-S2211926415301053-main-Figure5-1.png,41,201
1-s2.0-S0960148116300659-main-Figure5-1.png,41,205
1-s2.0-S0896844614003222-main-Figure9-1.png,42,179
1-s2.0-S0360128515000246-main-Figure14-1.png,42,197
1-s2.0-S0961953420300386-main-Figure13-1.png,42,205
1-s2.0-S0360544215012517-main-Figure4-1.png,42,206
acssuschemeng.7b04338-Figure6-1.png,43,170
acssuschemeng.7b04338-Figure5-1.png,43,171
1-s2.0-S2211926418307756-main-Figure4-1.png,43,192
1-s2.0-S1383586616313132-main-Figure5-1.png,43,196
1-s2.0-S2211926418307756-main-Figure9-1.png,43,200
1-s2.0-S0961953412005284-main-Figure5-1.png,43,205
1-s2.0-S0961953412005284-main-Figure6-1.png,43,205
1-s2.0-S0378382015302046-main-Figure7-1.png,44,183
1-s2.0-S016777991300022X-main-Figure1-1.png,45,172
acssuschemeng.9b00868-Figure2-1.png,45,195
1-s2.0-S2211926418307756-main-Figure6-1.png,45,198
acs.iecr.6b03414-Figure2-1.png,45,203
acs.energyfuels.6b00441-Figure5-1.png,45,207
1-s2.0-S0960852415009736-main-Figure6-1.png,46,190
1-s2.0-S0920586118306837-main-Figure6-1.png,46,202
1-s2.0-S0961953420300386-main-Figure9-1.png,48,174
acs.energyfuels.5b02136-Figure3-1.png,49,180
1-s2.0-S1383586617320841-main-Figure5-1.png,49,196
acs.energyfuels.6b02128-Figure3-1.png,50,180
acs.energyfuels.6b00281-Figure7-1.png,50,195
1-s2.0-S0961953420300386-main-Figure8-1.png,51,170
1-s2.0-S0360544218319558-main-Figure3-1.png,51,189
1-s2.0-S0306261915007096-main-Figure4-1.png,51,196
1-s2.0-S2211926419303704-main-Figure12-1.png,52,164
1-s2.0-S2211926419303704-main-Figure13-1.png,52,165
1-s2.0-S0960852417311963-main-Figure4-1.png,52,183
acssuschemeng.9b05308-Figure11-1.png,53,200
acs.energyfuels.6b00479-Figure8-1.png,54,186
acs.energyfuels.8b04205-Figure4-1.png,54,210
1-s2.0-S0165237015302382-main-Figure2-1.png,55,155
acssuschemeng.7b00233-Figure3-1.png,55,194
1-s2.0-S2211926416307834-main-Figure4-1.png,58,140
acs.energyfuels.7b02994-Figure5-1.png,58,160
1-s2.0-S0960852417311963-main-Figure3-1.png,58,182
1-s2.0-S0360544216309380-main-Figure2-1.png,58,183
acs.iecr.8b05366-Figure12-1.png,58,194
acssuschemeng.7b01473-Figure1-1.png,59,185
acs.energyfuels.7b03144-Figure5-1.png,59,208
08813216-Figure4-1.png,60,192
acssuschemeng.6b01957-Figure1-1.png,62,193
acs.energyfuels.7b02994-Figure3-1.png,63,154
acs.iecr.6b03414-Figure6-1.png,64,206
acs.iecr.6b04086-Figure4-1.png,67,191
1-s2.0-S0196890418313062-main-Figure1-1.png,67,199
1-s2.0-S0960852419300410-main-Figure3-1.png,68,186
1-s2.0-S0378382014000290-main-Figure2-1.png,69,176
acs.energyfuels.6b00201-Figure6-1.png,69,195
1-s2.0-S2211926416307834-main-Figure5-1.png,69,203
1-s2.0-S0960852417300056-main-Figure2-1.png,78,197
1-s2.0-S2211926419303704-main-Figure14-1.png,79,197
1-s2.0-S2211926418308403-main-Figure7-1.png,81,184
acs.iecr.6b04086-Figure2-1.png,82,210
1-s2.0-S2211926418308403-main-Figure8-1.png,83,184
acs.iecr.6b04086-Figure5-1.png,83,206
1-s2.0-S0960852419311940-main-Figure2-1.png,100,193
1-s2.0-S1364032116311674-main-Figure2-1.png,102,195
1-s2.0-S0960852415011943-main-Figure3-1.png,111,193
1-s2.0-S1364032119305635-main-Figure5-1.png,142,192
1-s2.0-S1364032118301461-main-Figure20-1.png,151,201
1-s2.0-S0960148118315787-main-Figure12-1.png,206,169
